,City,Country,Latitude,Temperature,Humidity,Cloudiness,Wind Speed,APICall
0,ushuaia,AR,-54.81,42.8,81,75,27.51,"http://api.openweathermap.org/data/2.5/weather?appid=63340cc13e489b8d48a66d2dedaaac62&units=imperial&q=ushuaia,AR"
1,port alfred,ZA,-33.59,68.96,85,56,20.27,"http://api.openweathermap.org/data/2.5/weather?appid=63340cc13e489b8d48a66d2dedaaac62&units=imperial&q=port%20alfred,ZA"
2,new norfolk,AU,-42.78,68.0,68,75,19.46,"http://api.openweathermap.org/data/2.5/weather?appid=63340cc13e489b8d48a66d2dedaaac62&units=imperial&q=new%20norfolk,AU"
3,rikitea,PF,-23.12,80.48,100,68,13.89,"http://api.openweathermap.org/data/2.5/weather?appid=63340cc13e489b8d48a66d2dedaaac62&units=imperial&q=rikitea,PF"
4,albany,AU,-35.02,50.24,88,0,6.4,"http://api.openweathermap.org/data/2.5/weather?appid=63340cc13e489b8d48a66d2dedaaac62&units=imperial&q=albany,AU"
5,hermanus,ZA,-34.42,58.43,77,0,5.73,"http://api.openweathermap.org/data/2.5/weather?appid=63340cc13e489b8d48a66d2dedaaac62&units=imperial&q=hermanus,ZA"
6,kruisfontein,ZA,-34.0,67.7,86,64,18.7,"http://api.openweathermap.org/data/2.5/weather?appid=63340cc13e489b8d48a66d2dedaaac62&units=imperial&q=kruisfontein,ZA"
7,port elizabeth,ZA,-33.92,68.0,77,75,23.04,"http://api.openweathermap.org/data/2.5/weather?appid=63340cc13e489b8d48a66d2dedaaac62&units=imperial&q=port%20elizabeth,ZA"
8,punta arenas,CL,-53.16,53.6,66,40,26.4,"http://api.openweathermap.org/data/2.5/weather?appid=63340cc13e489b8d48a66d2dedaaac62&units=imperial&q=punta%20arenas,CL"
9,busselton,AU,-33.64,56.9,100,0,6.17,"http://api.openweathermap.org/data/2.5/weather?appid=63340cc13e489b8d48a66d2dedaaac62&units=imperial&q=busselton,AU"
10,east london,ZA,-33.02,71.21,100,92,26.31,"http://api.openweathermap.org/data/2.5/weather?appid=63340cc13e489b8d48a66d2dedaaac62&units=imperial&q=east%20london,ZA"
11,vaini,TO,-21.2,80.6,74,75,3.36,"http://api.openweathermap.org/data/2.5/weather?appid=63340cc13e489b8d48a66d2dedaaac62&units=imperial&q=vaini,TO"
12,hobart,AU,-42.88,68.0,68,75,19.46,"http://api.openweathermap.org/data/2.5/weather?appid=63340cc13e489b8d48a66d2dedaaac62&units=imperial&q=hobart,AU"
13,bredasdorp,ZA,-34.53,68.0,68,0,11.41,"http://api.openweathermap.org/data/2.5/weather?appid=63340cc13e489b8d48a66d2dedaaac62&units=imperial&q=bredasdorp,ZA"
15,bluff,NZ,-46.6,57.35,100,68,5.95,"http://api.openweathermap.org/data/2.5/weather?appid=63340cc13e489b8d48a66d2dedaaac62&units=imperial&q=bluff,NZ"
17,cape town,ZA,-33.93,66.2,63,0,6.93,"http://api.openweathermap.org/data/2.5/weather?appid=63340cc13e489b8d48a66d2dedaaac62&units=imperial&q=cape%20town,ZA"
18,kaitangata,NZ,-46.28,50.51,76,48,4.61,"http://api.openweathermap.org/data/2.5/weather?appid=63340cc13e489b8d48a66d2dedaaac62&units=imperial&q=kaitangata,NZ"
19,avarua,CK,-21.21,82.4,78,75,1.12,"http://api.openweathermap.org/data/2.5/weather?appid=63340cc13e489b8d48a66d2dedaaac62&units=imperial&q=avarua,CK"
20,mar del plata,AR,-46.43,63.65,46,0,1.7,"http://api.openweathermap.org/data/2.5/weather?appid=63340cc13e489b8d48a66d2dedaaac62&units=imperial&q=mar%20del%20plata,AR"
21,cidreira,BR,-30.17,78.95,65,32,13.44,"http://api.openweathermap.org/data/2.5/weather?appid=63340cc13e489b8d48a66d2dedaaac62&units=imperial&q=cidreira,BR"
22,chuy,UY,-33.69,80.03,61,12,11.21,"http://api.openweathermap.org/data/2.5/weather?appid=63340cc13e489b8d48a66d2dedaaac62&units=imperial&q=chuy,UY"
23,souillac,MU,-20.52,78.8,94,90,12.75,"http://api.openweathermap.org/data/2.5/weather?appid=63340cc13e489b8d48a66d2dedaaac62&units=imperial&q=souillac,MU"
24,mount gambier,AU,-37.83,57.8,85,68,12.33,"http://api.openweathermap.org/data/2.5/weather?appid=63340cc13e489b8d48a66d2dedaaac62&units=imperial&q=mount%20gambier,AU"
25,tuatapere,NZ,-46.13,56.81,100,88,4.38,"http://api.openweathermap.org/data/2.5/weather?appid=63340cc13e489b8d48a66d2dedaaac62&units=imperial&q=tuatapere,NZ"
26,castro,CL,-42.48,54.83,81,68,6.06,"http://api.openweathermap.org/data/2.5/weather?appid=63340cc13e489b8d48a66d2dedaaac62&units=imperial&q=castro,CL"
27,dunedin,NZ,-45.87,50.51,84,24,4.16,"http://api.openweathermap.org/data/2.5/weather?appid=63340cc13e489b8d48a66d2dedaaac62&units=imperial&q=dunedin,NZ"
28,esperance,AU,-33.86,59.15,69,88,6.96,"http://api.openweathermap.org/data/2.5/weather?appid=63340cc13e489b8d48a66d2dedaaac62&units=imperial&q=esperance,AU"
29,arraial do cabo,BR,-22.97,82.4,88,40,4.7,"http://api.openweathermap.org/data/2.5/weather?appid=63340cc13e489b8d48a66d2dedaaac62&units=imperial&q=arraial%20do%20cabo,BR"
30,mahebourg,MU,-20.41,78.8,94,90,12.75,"http://api.openweathermap.org/data/2.5/weather?appid=63340cc13e489b8d48a66d2dedaaac62&units=imperial&q=mahebourg,MU"
32,rocha,UY,-34.48,80.48,56,64,11.32,"http://api.openweathermap.org/data/2.5/weather?appid=63340cc13e489b8d48a66d2dedaaac62&units=imperial&q=rocha,UY"
33,jamestown,SH,-15.94,74.81,100,88,13.56,"http://api.openweathermap.org/data/2.5/weather?appid=63340cc13e489b8d48a66d2dedaaac62&units=imperial&q=jamestown,SH"
34,rio gallegos,AR,-51.62,59.0,38,75,25.28,"http://api.openweathermap.org/data/2.5/weather?appid=63340cc13e489b8d48a66d2dedaaac62&units=imperial&q=rio%20gallegos,AR"
36,coihaique,CL,-45.58,55.4,50,75,9.17,"http://api.openweathermap.org/data/2.5/weather?appid=63340cc13e489b8d48a66d2dedaaac62&units=imperial&q=coihaique,CL"
37,necochea,AR,-38.55,80.03,71,12,7.52,"http://api.openweathermap.org/data/2.5/weather?appid=63340cc13e489b8d48a66d2dedaaac62&units=imperial&q=necochea,AR"
38,comodoro rivadavia,AR,-45.87,62.6,63,20,12.75,"http://api.openweathermap.org/data/2.5/weather?appid=63340cc13e489b8d48a66d2dedaaac62&units=imperial&q=comodoro%20rivadavia,AR"
39,waitati,NZ,-45.75,50.51,84,24,4.16,"http://api.openweathermap.org/data/2.5/weather?appid=63340cc13e489b8d48a66d2dedaaac62&units=imperial&q=waitati,NZ"
40,southbridge,NZ,-43.81,51.8,76,12,6.93,"http://api.openweathermap.org/data/2.5/weather?appid=63340cc13e489b8d48a66d2dedaaac62&units=imperial&q=southbridge,NZ"
41,rawson,AR,-43.3,65.63,37,88,4.38,"http://api.openweathermap.org/data/2.5/weather?appid=63340cc13e489b8d48a66d2dedaaac62&units=imperial&q=rawson,AR"
42,portland,AU,-33.35,63.92,73,0,5.61,"http://api.openweathermap.org/data/2.5/weather?appid=63340cc13e489b8d48a66d2dedaaac62&units=imperial&q=portland,AU"
43,waipawa,NZ,-39.94,59.96,72,88,9.86,"http://api.openweathermap.org/data/2.5/weather?appid=63340cc13e489b8d48a66d2dedaaac62&units=imperial&q=waipawa,NZ"
44,burnie,AU,-41.05,63.92,100,92,35.37,"http://api.openweathermap.org/data/2.5/weather?appid=63340cc13e489b8d48a66d2dedaaac62&units=imperial&q=burnie,AU"
45,ancud,CL,-41.87,57.08,72,12,5.5,"http://api.openweathermap.org/data/2.5/weather?appid=63340cc13e489b8d48a66d2dedaaac62&units=imperial&q=ancud,CL"
46,port lincoln,AU,-34.72,62.93,89,0,23.51,"http://api.openweathermap.org/data/2.5/weather?appid=63340cc13e489b8d48a66d2dedaaac62&units=imperial&q=port%20lincoln,AU"
47,bambous virieux,MU,-20.34,78.8,94,90,12.75,"http://api.openweathermap.org/data/2.5/weather?appid=63340cc13e489b8d48a66d2dedaaac62&units=imperial&q=bambous%20virieux,MU"
48,saint-philippe,RE,-21.36,78.8,78,0,4.7,"http://api.openweathermap.org/data/2.5/weather?appid=63340cc13e489b8d48a66d2dedaaac62&units=imperial&q=saint-philippe,RE"
49,wanaka,NZ,-44.7,47.36,87,8,2.82,"http://api.openweathermap.org/data/2.5/weather?appid=63340cc13e489b8d48a66d2dedaaac62&units=imperial&q=wanaka,NZ"
50,viedma,AR,-40.81,76.07,35,12,9.86,"http://api.openweathermap.org/data/2.5/weather?appid=63340cc13e489b8d48a66d2dedaaac62&units=imperial&q=viedma,AR"
51,saldanha,ZA,-33.01,64.4,42,0,6.93,"http://api.openweathermap.org/data/2.5/weather?appid=63340cc13e489b8d48a66d2dedaaac62&units=imperial&q=saldanha,ZA"
52,osorno,CL,-40.57,60.8,55,75,10.29,"http://api.openweathermap.org/data/2.5/weather?appid=63340cc13e489b8d48a66d2dedaaac62&units=imperial&q=osorno,CL"
53,colac,AU,-38.34,61.4,89,100,11.88,"http://api.openweathermap.org/data/2.5/weather?appid=63340cc13e489b8d48a66d2dedaaac62&units=imperial&q=colac,AU"
54,rio grande,BR,-32.03,68.0,94,90,5.82,"http://api.openweathermap.org/data/2.5/weather?appid=63340cc13e489b8d48a66d2dedaaac62&units=imperial&q=rio%20grande,BR"
55,tokoroa,NZ,-38.22,59.33,64,0,8.63,"http://api.openweathermap.org/data/2.5/weather?appid=63340cc13e489b8d48a66d2dedaaac62&units=imperial&q=tokoroa,NZ"
56,lebu,CL,-37.62,56.9,100,64,9.31,"http://api.openweathermap.org/data/2.5/weather?appid=63340cc13e489b8d48a66d2dedaaac62&units=imperial&q=lebu,CL"
57,santa rosa,AR,-36.62,91.46,14,0,4.83,"http://api.openweathermap.org/data/2.5/weather?appid=63340cc13e489b8d48a66d2dedaaac62&units=imperial&q=santa%20rosa,AR"
59,plettenberg bay,ZA,-34.05,66.62,93,0,18.03,"http://api.openweathermap.org/data/2.5/weather?appid=63340cc13e489b8d48a66d2dedaaac62&units=imperial&q=plettenberg%20bay,ZA"
60,whakatane,NZ,-37.96,65.99,100,8,16.13,"http://api.openweathermap.org/data/2.5/weather?appid=63340cc13e489b8d48a66d2dedaaac62&units=imperial&q=whakatane,NZ"
61,tandil,AR,-37.33,81.02,56,56,13.22,"http://api.openweathermap.org/data/2.5/weather?appid=63340cc13e489b8d48a66d2dedaaac62&units=imperial&q=tandil,AR"
62,victor harbor,AU,-35.55,64.4,68,75,25.28,"http://api.openweathermap.org/data/2.5/weather?appid=63340cc13e489b8d48a66d2dedaaac62&units=imperial&q=victor%20harbor,AU"
63,nelson bay,AU,-32.72,68.0,94,20,4.7,"http://api.openweathermap.org/data/2.5/weather?appid=63340cc13e489b8d48a66d2dedaaac62&units=imperial&q=nelson%20bay,AU"
64,sao joao da barra,BR,-21.64,78.8,78,90,4.7,"http://api.openweathermap.org/data/2.5/weather?appid=63340cc13e489b8d48a66d2dedaaac62&units=imperial&q=sao%20joao%20da%20barra,BR"
65,constitucion,CL,-35.33,57.62,96,0,10.09,"http://api.openweathermap.org/data/2.5/weather?appid=63340cc13e489b8d48a66d2dedaaac62&units=imperial&q=constitucion,CL"
66,ahipara,NZ,-35.17,68.06,89,36,18.48,"http://api.openweathermap.org/data/2.5/weather?appid=63340cc13e489b8d48a66d2dedaaac62&units=imperial&q=ahipara,NZ"
67,san antonio,CL,-33.58,64.4,82,90,5.82,"http://api.openweathermap.org/data/2.5/weather?appid=63340cc13e489b8d48a66d2dedaaac62&units=imperial&q=san%20antonio,CL"
68,newcastle,AU,-32.93,68.0,94,20,4.7,"http://api.openweathermap.org/data/2.5/weather?appid=63340cc13e489b8d48a66d2dedaaac62&units=imperial&q=newcastle,AU"
69,whitianga,NZ,-36.83,68.15,100,56,25.41,"http://api.openweathermap.org/data/2.5/weather?appid=63340cc13e489b8d48a66d2dedaaac62&units=imperial&q=whitianga,NZ"
70,luderitz,NA,-26.65,64.4,77,0,3.36,"http://api.openweathermap.org/data/2.5/weather?appid=63340cc13e489b8d48a66d2dedaaac62&units=imperial&q=luderitz,NA"
71,graaff-reinet,ZA,-32.25,53.66,93,12,2.71,"http://api.openweathermap.org/data/2.5/weather?appid=63340cc13e489b8d48a66d2dedaaac62&units=imperial&q=graaff-reinet,ZA"
72,margate,ZA,-30.86,68.15,96,68,12.1,"http://api.openweathermap.org/data/2.5/weather?appid=63340cc13e489b8d48a66d2dedaaac62&units=imperial&q=margate,ZA"
73,geraldton,AU,-28.77,59.0,77,0,11.41,"http://api.openweathermap.org/data/2.5/weather?appid=63340cc13e489b8d48a66d2dedaaac62&units=imperial&q=geraldton,AU"
74,richards bay,ZA,-28.77,67.97,80,100,3.49,"http://api.openweathermap.org/data/2.5/weather?appid=63340cc13e489b8d48a66d2dedaaac62&units=imperial&q=richards%20bay,ZA"
75,sawtell,AU,-30.38,68.0,94,40,5.82,"http://api.openweathermap.org/data/2.5/weather?appid=63340cc13e489b8d48a66d2dedaaac62&units=imperial&q=sawtell,AU"
76,valparaiso,CL,-33.04,68.0,72,75,8.05,"http://api.openweathermap.org/data/2.5/weather?appid=63340cc13e489b8d48a66d2dedaaac62&units=imperial&q=valparaiso,CL"
77,la rioja,AR,-29.41,88.85,39,0,3.15,"http://api.openweathermap.org/data/2.5/weather?appid=63340cc13e489b8d48a66d2dedaaac62&units=imperial&q=la%20rioja,AR"
78,ballina,AU,-28.87,72.65,100,24,1.92,"http://api.openweathermap.org/data/2.5/weather?appid=63340cc13e489b8d48a66d2dedaaac62&units=imperial&q=ballina,AU"
79,bella union,UY,-30.28,81.83,92,20,9.75,"http://api.openweathermap.org/data/2.5/weather?appid=63340cc13e489b8d48a66d2dedaaac62&units=imperial&q=bella%20union,UY"
80,vicuna,CL,-30.03,66.2,72,20,11.41,"http://api.openweathermap.org/data/2.5/weather?appid=63340cc13e489b8d48a66d2dedaaac62&units=imperial&q=vicuna,CL"
81,umkomaas,ZA,-30.21,53.66,87,12,2.93,"http://api.openweathermap.org/data/2.5/weather?appid=63340cc13e489b8d48a66d2dedaaac62&units=imperial&q=umkomaas,ZA"
82,byron bay,AU,-28.65,68.0,100,24,3.36,"http://api.openweathermap.org/data/2.5/weather?appid=63340cc13e489b8d48a66d2dedaaac62&units=imperial&q=byron%20bay,AU"
83,carnarvon,AU,-24.87,79.4,79,0,24.29,"http://api.openweathermap.org/data/2.5/weather?appid=63340cc13e489b8d48a66d2dedaaac62&units=imperial&q=carnarvon,AU"
84,beloha,MG,-25.17,76.61,79,56,18.37,"http://api.openweathermap.org/data/2.5/weather?appid=63340cc13e489b8d48a66d2dedaaac62&units=imperial&q=beloha,MG"
85,mercedes,AR,-29.18,90.29,61,64,14.56,"http://api.openweathermap.org/data/2.5/weather?appid=63340cc13e489b8d48a66d2dedaaac62&units=imperial&q=mercedes,AR"
87,ilhabela,BR,-23.78,79.13,100,12,15.01,"http://api.openweathermap.org/data/2.5/weather?appid=63340cc13e489b8d48a66d2dedaaac62&units=imperial&q=ilhabela,BR"
88,imbituba,BR,-28.24,82.4,69,0,6.93,"http://api.openweathermap.org/data/2.5/weather?appid=63340cc13e489b8d48a66d2dedaaac62&units=imperial&q=imbituba,BR"
89,northam,AU,-31.65,57.2,50,0,6.93,"http://api.openweathermap.org/data/2.5/weather?appid=63340cc13e489b8d48a66d2dedaaac62&units=imperial&q=northam,AU"
90,coquimbo,CL,-29.95,66.2,72,20,11.41,"http://api.openweathermap.org/data/2.5/weather?appid=63340cc13e489b8d48a66d2dedaaac62&units=imperial&q=coquimbo,CL"
91,vao,NC,-22.67,79.13,100,0,9.42,"http://api.openweathermap.org/data/2.5/weather?appid=63340cc13e489b8d48a66d2dedaaac62&units=imperial&q=vao,NC"
92,ampanihy,MG,-24.69,78.68,61,88,13.78,"http://api.openweathermap.org/data/2.5/weather?appid=63340cc13e489b8d48a66d2dedaaac62&units=imperial&q=ampanihy,MG"
93,yulara,AU,-25.24,71.6,24,0,8.05,"http://api.openweathermap.org/data/2.5/weather?appid=63340cc13e489b8d48a66d2dedaaac62&units=imperial&q=yulara,AU"
94,alofi,NU,-19.06,81.83,100,0,5.73,"http://api.openweathermap.org/data/2.5/weather?appid=63340cc13e489b8d48a66d2dedaaac62&units=imperial&q=alofi,NU"
95,pisco,PE,-13.71,80.6,57,0,24.16,"http://api.openweathermap.org/data/2.5/weather?appid=63340cc13e489b8d48a66d2dedaaac62&units=imperial&q=pisco,PE"
96,nsoko,SZ,-27.03,60.5,88,8,5.95,"http://api.openweathermap.org/data/2.5/weather?appid=63340cc13e489b8d48a66d2dedaaac62&units=imperial&q=nsoko,SZ"
97,roma,AU,-26.57,63.38,79,0,3.15,"http://api.openweathermap.org/data/2.5/weather?appid=63340cc13e489b8d48a66d2dedaaac62&units=imperial&q=roma,AU"
98,bongaree,AU,-27.08,69.8,94,40,6.93,"http://api.openweathermap.org/data/2.5/weather?appid=63340cc13e489b8d48a66d2dedaaac62&units=imperial&q=bongaree,AU"
99,broken hill,AU,-31.97,67.43,39,0,8.41,"http://api.openweathermap.org/data/2.5/weather?appid=63340cc13e489b8d48a66d2dedaaac62&units=imperial&q=broken%20hill,AU"
101,puerto ayora,EC,-0.74,86.0,62,20,10.29,"http://api.openweathermap.org/data/2.5/weather?appid=63340cc13e489b8d48a66d2dedaaac62&units=imperial&q=puerto%20ayora,EC"
102,henties bay,NA,-22.12,62.48,98,0,4.27,"http://api.openweathermap.org/data/2.5/weather?appid=63340cc13e489b8d48a66d2dedaaac62&units=imperial&q=henties%20bay,NA"
103,hervey bay,AU,-25.3,76.7,100,100,9.53,"http://api.openweathermap.org/data/2.5/weather?appid=63340cc13e489b8d48a66d2dedaaac62&units=imperial&q=hervey%20bay,AU"
104,walvis bay,NA,-22.95,62.6,77,0,3.36,"http://api.openweathermap.org/data/2.5/weather?appid=63340cc13e489b8d48a66d2dedaaac62&units=imperial&q=walvis%20bay,NA"
105,taltal,CL,-25.41,69.95,58,0,4.61,"http://api.openweathermap.org/data/2.5/weather?appid=63340cc13e489b8d48a66d2dedaaac62&units=imperial&q=taltal,CL"
106,aranos,NA,-24.14,70.13,71,68,10.65,"http://api.openweathermap.org/data/2.5/weather?appid=63340cc13e489b8d48a66d2dedaaac62&units=imperial&q=aranos,NA"
107,vila velha,BR,-3.71,84.2,74,40,10.29,"http://api.openweathermap.org/data/2.5/weather?appid=63340cc13e489b8d48a66d2dedaaac62&units=imperial&q=vila%20velha,BR"
108,poya,NC,-21.35,77.96,96,0,8.3,"http://api.openweathermap.org/data/2.5/weather?appid=63340cc13e489b8d48a66d2dedaaac62&units=imperial&q=poya,NC"
109,georgetown,SH,-7.93,79.13,100,76,10.2,"http://api.openweathermap.org/data/2.5/weather?appid=63340cc13e489b8d48a66d2dedaaac62&units=imperial&q=georgetown,SH"
110,antofagasta,CL,-23.65,69.8,64,20,16.11,"http://api.openweathermap.org/data/2.5/weather?appid=63340cc13e489b8d48a66d2dedaaac62&units=imperial&q=antofagasta,CL"
111,concepcion,PY,-23.41,92.18,66,44,7.07,"http://api.openweathermap.org/data/2.5/weather?appid=63340cc13e489b8d48a66d2dedaaac62&units=imperial&q=concepcion,PY"
113,rio bonito,BR,-22.71,82.4,74,75,10.29,"http://api.openweathermap.org/data/2.5/weather?appid=63340cc13e489b8d48a66d2dedaaac62&units=imperial&q=rio%20bonito,BR"
114,manakara,MG,-22.14,73.82,100,92,13.89,"http://api.openweathermap.org/data/2.5/weather?appid=63340cc13e489b8d48a66d2dedaaac62&units=imperial&q=manakara,MG"
115,farafangana,MG,-22.82,74.09,100,92,8.63,"http://api.openweathermap.org/data/2.5/weather?appid=63340cc13e489b8d48a66d2dedaaac62&units=imperial&q=farafangana,MG"
116,mananjary,MG,-19.16,61.4,96,92,8.08,"http://api.openweathermap.org/data/2.5/weather?appid=63340cc13e489b8d48a66d2dedaaac62&units=imperial&q=mananjary,MG"
117,tocopilla,CL,-22.09,68.51,78,8,7.52,"http://api.openweathermap.org/data/2.5/weather?appid=63340cc13e489b8d48a66d2dedaaac62&units=imperial&q=tocopilla,CL"
118,hithadhoo,MV,-0.6,83.9,100,24,12.88,"http://api.openweathermap.org/data/2.5/weather?appid=63340cc13e489b8d48a66d2dedaaac62&units=imperial&q=hithadhoo,MV"
119,beitbridge,ZW,-22.22,68.96,76,88,17.69,"http://api.openweathermap.org/data/2.5/weather?appid=63340cc13e489b8d48a66d2dedaaac62&units=imperial&q=beitbridge,ZW"
120,mackay,AU,-21.15,69.8,94,32,5.82,"http://api.openweathermap.org/data/2.5/weather?appid=63340cc13e489b8d48a66d2dedaaac62&units=imperial&q=mackay,AU"
121,sao jose do rio preto,BR,-20.82,85.7,76,8,4.72,"http://api.openweathermap.org/data/2.5/weather?appid=63340cc13e489b8d48a66d2dedaaac62&units=imperial&q=sao%20jose%20do%20rio%20preto,BR"
122,port hedland,AU,-20.31,78.8,94,0,3.36,"http://api.openweathermap.org/data/2.5/weather?appid=63340cc13e489b8d48a66d2dedaaac62&units=imperial&q=port%20hedland,AU"
123,chipinge,ZW,-20.19,67.07,100,92,9.19,"http://api.openweathermap.org/data/2.5/weather?appid=63340cc13e489b8d48a66d2dedaaac62&units=imperial&q=chipinge,ZW"
124,cassilandia,BR,-19.11,87.14,63,32,2.26,"http://api.openweathermap.org/data/2.5/weather?appid=63340cc13e489b8d48a66d2dedaaac62&units=imperial&q=cassilandia,BR"
125,quelimane,MZ,-17.88,74.18,84,0,6.4,"http://api.openweathermap.org/data/2.5/weather?appid=63340cc13e489b8d48a66d2dedaaac62&units=imperial&q=quelimane,MZ"
126,namibe,AO,-15.19,76.88,100,64,6.29,"http://api.openweathermap.org/data/2.5/weather?appid=63340cc13e489b8d48a66d2dedaaac62&units=imperial&q=namibe,AO"
127,nata,BW,-20.21,73.01,59,8,18.37,"http://api.openweathermap.org/data/2.5/weather?appid=63340cc13e489b8d48a66d2dedaaac62&units=imperial&q=nata,BW"
128,acari,PE,-15.44,74.72,49,0,3.6,"http://api.openweathermap.org/data/2.5/weather?appid=63340cc13e489b8d48a66d2dedaaac62&units=imperial&q=acari,PE"
129,kununurra,AU,-15.77,78.8,83,40,12.75,"http://api.openweathermap.org/data/2.5/weather?appid=63340cc13e489b8d48a66d2dedaaac62&units=imperial&q=kununurra,AU"
130,mount isa,AU,-20.73,71.6,83,0,3.36,"http://api.openweathermap.org/data/2.5/weather?appid=63340cc13e489b8d48a66d2dedaaac62&units=imperial&q=mount%20isa,AU"
132,vaitape,PF,-16.52,81.56,100,48,9.42,"http://api.openweathermap.org/data/2.5/weather?appid=63340cc13e489b8d48a66d2dedaaac62&units=imperial&q=vaitape,PF"
134,eenhana,NA,-17.48,73.4,88,20,1.12,"http://api.openweathermap.org/data/2.5/weather?appid=63340cc13e489b8d48a66d2dedaaac62&units=imperial&q=eenhana,NA"
135,caravelas,BR,-17.73,81.92,100,32,13.0,"http://api.openweathermap.org/data/2.5/weather?appid=63340cc13e489b8d48a66d2dedaaac62&units=imperial&q=caravelas,BR"
136,eucaliptus,BO,-17.6,57.2,67,75,8.05,"http://api.openweathermap.org/data/2.5/weather?appid=63340cc13e489b8d48a66d2dedaaac62&units=imperial&q=eucaliptus,BO"
138,morondava,MG,-20.3,79.85,91,80,8.3,"http://api.openweathermap.org/data/2.5/weather?appid=63340cc13e489b8d48a66d2dedaaac62&units=imperial&q=morondava,MG"
139,antalaha,MG,-14.9,78.41,87,8,16.24,"http://api.openweathermap.org/data/2.5/weather?appid=63340cc13e489b8d48a66d2dedaaac62&units=imperial&q=antalaha,MG"
141,belmonte,BR,-26.84,82.19,82,12,3.83,"http://api.openweathermap.org/data/2.5/weather?appid=63340cc13e489b8d48a66d2dedaaac62&units=imperial&q=belmonte,BR"
142,quatre cocos,MU,-20.21,78.8,94,90,12.75,"http://api.openweathermap.org/data/2.5/weather?appid=63340cc13e489b8d48a66d2dedaaac62&units=imperial&q=quatre%20cocos,MU"
143,maceio,BR,-9.67,82.4,74,20,13.87,"http://api.openweathermap.org/data/2.5/weather?appid=63340cc13e489b8d48a66d2dedaaac62&units=imperial&q=maceio,BR"
144,tiarei,PF,-17.53,84.2,66,75,13.87,"http://api.openweathermap.org/data/2.5/weather?appid=63340cc13e489b8d48a66d2dedaaac62&units=imperial&q=tiarei,PF"
145,tipuani,BO,-15.56,69.23,90,92,2.26,"http://api.openweathermap.org/data/2.5/weather?appid=63340cc13e489b8d48a66d2dedaaac62&units=imperial&q=tipuani,BO"
146,luganville,VU,-15.51,81.65,100,80,10.65,"http://api.openweathermap.org/data/2.5/weather?appid=63340cc13e489b8d48a66d2dedaaac62&units=imperial&q=luganville,VU"
147,menongue,AO,-14.66,63.29,100,88,2.26,"http://api.openweathermap.org/data/2.5/weather?appid=63340cc13e489b8d48a66d2dedaaac62&units=imperial&q=menongue,AO"
148,chapada dos guimaraes,BR,-15.46,89.6,55,40,5.82,"http://api.openweathermap.org/data/2.5/weather?appid=63340cc13e489b8d48a66d2dedaaac62&units=imperial&q=chapada%20dos%20guimaraes,BR"
150,alyangula,AU,-13.85,83.36,100,0,9.19,"http://api.openweathermap.org/data/2.5/weather?appid=63340cc13e489b8d48a66d2dedaaac62&units=imperial&q=alyangula,AU"
151,lubango,AO,-14.92,65.99,99,88,1.25,"http://api.openweathermap.org/data/2.5/weather?appid=63340cc13e489b8d48a66d2dedaaac62&units=imperial&q=lubango,AO"
152,bambanglipuro,ID,-7.95,69.32,99,20,2.59,"http://api.openweathermap.org/data/2.5/weather?appid=63340cc13e489b8d48a66d2dedaaac62&units=imperial&q=bambanglipuro,ID"
153,mkushi,ZM,-13.61,64.01,93,12,5.5,"http://api.openweathermap.org/data/2.5/weather?appid=63340cc13e489b8d48a66d2dedaaac62&units=imperial&q=mkushi,ZM"
154,port keats,AU,-14.25,77.15,100,92,26.98,"http://api.openweathermap.org/data/2.5/weather?appid=63340cc13e489b8d48a66d2dedaaac62&units=imperial&q=port%20keats,AU"
155,pemba,MZ,-12.97,81.38,100,48,8.63,"http://api.openweathermap.org/data/2.5/weather?appid=63340cc13e489b8d48a66d2dedaaac62&units=imperial&q=pemba,MZ"
156,salima,MW,-13.78,65.45,95,0,5.95,"http://api.openweathermap.org/data/2.5/weather?appid=63340cc13e489b8d48a66d2dedaaac62&units=imperial&q=salima,MW"
157,kabompo,ZM,-13.6,66.26,93,48,1.59,"http://api.openweathermap.org/data/2.5/weather?appid=63340cc13e489b8d48a66d2dedaaac62&units=imperial&q=kabompo,ZM"
158,kansanshi,ZM,-12.1,62.93,100,100,4.16,"http://api.openweathermap.org/data/2.5/weather?appid=63340cc13e489b8d48a66d2dedaaac62&units=imperial&q=kansanshi,ZM"
159,tapiramuta,BR,-11.85,75.8,86,32,3.6,"http://api.openweathermap.org/data/2.5/weather?appid=63340cc13e489b8d48a66d2dedaaac62&units=imperial&q=tapiramuta,BR"
160,grand gaube,MU,-20.01,78.8,94,90,12.75,"http://api.openweathermap.org/data/2.5/weather?appid=63340cc13e489b8d48a66d2dedaaac62&units=imperial&q=grand%20gaube,MU"
161,pimenta bueno,BR,-11.68,80.93,77,44,2.59,"http://api.openweathermap.org/data/2.5/weather?appid=63340cc13e489b8d48a66d2dedaaac62&units=imperial&q=pimenta%20bueno,BR"
163,atuona,PF,-9.8,78.86,100,76,10.98,"http://api.openweathermap.org/data/2.5/weather?appid=63340cc13e489b8d48a66d2dedaaac62&units=imperial&q=atuona,PF"
164,sambava,MG,-14.27,79.85,100,36,28.21,"http://api.openweathermap.org/data/2.5/weather?appid=63340cc13e489b8d48a66d2dedaaac62&units=imperial&q=sambava,MG"
165,huarmey,PE,-10.07,76.61,59,20,3.38,"http://api.openweathermap.org/data/2.5/weather?appid=63340cc13e489b8d48a66d2dedaaac62&units=imperial&q=huarmey,PE"
166,chicama,PE,-7.84,73.4,78,75,10.29,"http://api.openweathermap.org/data/2.5/weather?appid=63340cc13e489b8d48a66d2dedaaac62&units=imperial&q=chicama,PE"
167,kirakira,SB,-10.46,81.02,100,76,9.19,"http://api.openweathermap.org/data/2.5/weather?appid=63340cc13e489b8d48a66d2dedaaac62&units=imperial&q=kirakira,SB"
169,victoria,SC,-4.62,80.6,83,40,4.7,"http://api.openweathermap.org/data/2.5/weather?appid=63340cc13e489b8d48a66d2dedaaac62&units=imperial&q=victoria,SC"
170,faanui,PF,-16.48,80.21,100,44,9.86,"http://api.openweathermap.org/data/2.5/weather?appid=63340cc13e489b8d48a66d2dedaaac62&units=imperial&q=faanui,PF"
171,padang,ID,-0.92,83.63,100,48,5.73,"http://api.openweathermap.org/data/2.5/weather?appid=63340cc13e489b8d48a66d2dedaaac62&units=imperial&q=padang,ID"
172,tamandare,BR,-8.28,86.06,74,24,3.6,"http://api.openweathermap.org/data/2.5/weather?appid=63340cc13e489b8d48a66d2dedaaac62&units=imperial&q=tamandare,BR"
174,merauke,ID,-8.49,73.46,100,80,6.06,"http://api.openweathermap.org/data/2.5/weather?appid=63340cc13e489b8d48a66d2dedaaac62&units=imperial&q=merauke,ID"
175,ambilobe,MG,-13.19,73.37,99,92,10.76,"http://api.openweathermap.org/data/2.5/weather?appid=63340cc13e489b8d48a66d2dedaaac62&units=imperial&q=ambilobe,MG"
177,jaru,BR,-10.43,80.75,84,48,2.59,"http://api.openweathermap.org/data/2.5/weather?appid=63340cc13e489b8d48a66d2dedaaac62&units=imperial&q=jaru,BR"
178,porto walter,BR,-8.27,83.63,80,24,1.48,"http://api.openweathermap.org/data/2.5/weather?appid=63340cc13e489b8d48a66d2dedaaac62&units=imperial&q=porto%20walter,BR"
181,lupiro,TZ,-8.39,72.92,91,24,1.81,"http://api.openweathermap.org/data/2.5/weather?appid=63340cc13e489b8d48a66d2dedaaac62&units=imperial&q=lupiro,TZ"
182,luanda,AO,-8.83,82.4,74,40,4.7,"http://api.openweathermap.org/data/2.5/weather?appid=63340cc13e489b8d48a66d2dedaaac62&units=imperial&q=luanda,AO"
183,finschhafen,PG,-6.6,71.66,96,92,3.71,"http://api.openweathermap.org/data/2.5/weather?appid=63340cc13e489b8d48a66d2dedaaac62&units=imperial&q=finschhafen,PG"
184,mitsamiouli,KM,-11.38,83.18,96,24,10.98,"http://api.openweathermap.org/data/2.5/weather?appid=63340cc13e489b8d48a66d2dedaaac62&units=imperial&q=mitsamiouli,KM"
187,pitimbu,BR,-7.47,82.4,65,75,10.29,"http://api.openweathermap.org/data/2.5/weather?appid=63340cc13e489b8d48a66d2dedaaac62&units=imperial&q=pitimbu,BR"
188,tual,ID,-5.67,82.73,100,24,7.74,"http://api.openweathermap.org/data/2.5/weather?appid=63340cc13e489b8d48a66d2dedaaac62&units=imperial&q=tual,ID"
191,manicore,BR,-5.81,77.96,90,68,2.93,"http://api.openweathermap.org/data/2.5/weather?appid=63340cc13e489b8d48a66d2dedaaac62&units=imperial&q=manicore,BR"
193,chake chake,TZ,-5.25,82.1,99,36,10.09,"http://api.openweathermap.org/data/2.5/weather?appid=63340cc13e489b8d48a66d2dedaaac62&units=imperial&q=chake%20chake,TZ"
194,chanika,TZ,-5.42,68.69,95,32,1.92,"http://api.openweathermap.org/data/2.5/weather?appid=63340cc13e489b8d48a66d2dedaaac62&units=imperial&q=chanika,TZ"
195,buala,SB,-8.15,80.03,100,20,3.15,"http://api.openweathermap.org/data/2.5/weather?appid=63340cc13e489b8d48a66d2dedaaac62&units=imperial&q=buala,SB"
196,rabaul,PG,-4.2,77.78,100,92,4.16,"http://api.openweathermap.org/data/2.5/weather?appid=63340cc13e489b8d48a66d2dedaaac62&units=imperial&q=rabaul,PG"
198,coari,BR,-4.09,79.76,86,92,6.17,"http://api.openweathermap.org/data/2.5/weather?appid=63340cc13e489b8d48a66d2dedaaac62&units=imperial&q=coari,BR"
199,rosario,BR,-2.71,82.91,78,56,2.37,"http://api.openweathermap.org/data/2.5/weather?appid=63340cc13e489b8d48a66d2dedaaac62&units=imperial&q=rosario,BR"
200,sibolga,ID,1.74,68.6,100,24,2.26,"http://api.openweathermap.org/data/2.5/weather?appid=63340cc13e489b8d48a66d2dedaaac62&units=imperial&q=sibolga,ID"
201,cibitoke,BI,-2.89,57.26,92,32,2.59,"http://api.openweathermap.org/data/2.5/weather?appid=63340cc13e489b8d48a66d2dedaaac62&units=imperial&q=cibitoke,BI"
202,axim,GH,4.87,81.29,100,92,13.0,"http://api.openweathermap.org/data/2.5/weather?appid=63340cc13e489b8d48a66d2dedaaac62&units=imperial&q=axim,GH"
203,omboue,GA,-1.57,81.2,100,88,12.21,"http://api.openweathermap.org/data/2.5/weather?appid=63340cc13e489b8d48a66d2dedaaac62&units=imperial&q=omboue,GA"
205,manggar,ID,-2.88,74.63,100,32,0.13,"http://api.openweathermap.org/data/2.5/weather?appid=63340cc13e489b8d48a66d2dedaaac62&units=imperial&q=manggar,ID"
206,curup,ID,-3.47,68.87,95,48,2.04,"http://api.openweathermap.org/data/2.5/weather?appid=63340cc13e489b8d48a66d2dedaaac62&units=imperial&q=curup,ID"
207,hambantota,LK,6.12,79.4,100,48,11.21,"http://api.openweathermap.org/data/2.5/weather?appid=63340cc13e489b8d48a66d2dedaaac62&units=imperial&q=hambantota,LK"
208,lodja,CD,-3.52,75.53,90,44,1.36,"http://api.openweathermap.org/data/2.5/weather?appid=63340cc13e489b8d48a66d2dedaaac62&units=imperial&q=lodja,CD"
209,manokwari,ID,-0.87,80.66,100,56,3.15,"http://api.openweathermap.org/data/2.5/weather?appid=63340cc13e489b8d48a66d2dedaaac62&units=imperial&q=manokwari,ID"
210,sorong,ID,-0.86,76.25,100,92,3.71,"http://api.openweathermap.org/data/2.5/weather?appid=63340cc13e489b8d48a66d2dedaaac62&units=imperial&q=sorong,ID"
211,mogadishu,SO,2.04,81.47,99,8,18.03,"http://api.openweathermap.org/data/2.5/weather?appid=63340cc13e489b8d48a66d2dedaaac62&units=imperial&q=mogadishu,SO"
212,lorengau,PG,-2.02,81.56,100,20,8.97,"http://api.openweathermap.org/data/2.5/weather?appid=63340cc13e489b8d48a66d2dedaaac62&units=imperial&q=lorengau,PG"
213,natal,BR,-5.81,84.2,66,20,13.87,"http://api.openweathermap.org/data/2.5/weather?appid=63340cc13e489b8d48a66d2dedaaac62&units=imperial&q=natal,BR"
214,harper,LR,4.38,81.02,100,76,12.21,"http://api.openweathermap.org/data/2.5/weather?appid=63340cc13e489b8d48a66d2dedaaac62&units=imperial&q=harper,LR"
216,thinadhoo,MV,0.53,83.99,100,88,11.21,"http://api.openweathermap.org/data/2.5/weather?appid=63340cc13e489b8d48a66d2dedaaac62&units=imperial&q=thinadhoo,MV"
217,touros,BR,-5.2,82.28,77,56,10.65,"http://api.openweathermap.org/data/2.5/weather?appid=63340cc13e489b8d48a66d2dedaaac62&units=imperial&q=touros,BR"
219,prainha,BR,-1.8,81.29,86,24,2.26,"http://api.openweathermap.org/data/2.5/weather?appid=63340cc13e489b8d48a66d2dedaaac62&units=imperial&q=prainha,BR"
221,pedernales,EC,0.07,77.96,93,48,6.73,"http://api.openweathermap.org/data/2.5/weather?appid=63340cc13e489b8d48a66d2dedaaac62&units=imperial&q=pedernales,EC"
222,manado,ID,1.49,75.2,94,20,2.24,"http://api.openweathermap.org/data/2.5/weather?appid=63340cc13e489b8d48a66d2dedaaac62&units=imperial&q=manado,ID"
223,bunia,CD,1.56,68.24,90,48,2.37,"http://api.openweathermap.org/data/2.5/weather?appid=63340cc13e489b8d48a66d2dedaaac62&units=imperial&q=bunia,CD"
224,santa isabel do rio negro,BR,-0.41,89.03,63,12,6.51,"http://api.openweathermap.org/data/2.5/weather?appid=63340cc13e489b8d48a66d2dedaaac62&units=imperial&q=santa%20isabel%20do%20rio%20negro,BR"
225,namatanai,PG,-3.66,78.95,100,88,15.46,"http://api.openweathermap.org/data/2.5/weather?appid=63340cc13e489b8d48a66d2dedaaac62&units=imperial&q=namatanai,PG"
226,oriximina,BR,-1.77,83.72,78,48,2.15,"http://api.openweathermap.org/data/2.5/weather?appid=63340cc13e489b8d48a66d2dedaaac62&units=imperial&q=oriximina,BR"
227,miraflores,CO,5.2,69.41,45,48,2.59,"http://api.openweathermap.org/data/2.5/weather?appid=63340cc13e489b8d48a66d2dedaaac62&units=imperial&q=miraflores,CO"
228,salinopolis,BR,-0.61,81.92,95,80,12.44,"http://api.openweathermap.org/data/2.5/weather?appid=63340cc13e489b8d48a66d2dedaaac62&units=imperial&q=salinopolis,BR"
229,tarakan,ID,3.3,76.7,100,20,5.61,"http://api.openweathermap.org/data/2.5/weather?appid=63340cc13e489b8d48a66d2dedaaac62&units=imperial&q=tarakan,ID"
230,buta,CD,2.79,74.81,80,56,2.48,"http://api.openweathermap.org/data/2.5/weather?appid=63340cc13e489b8d48a66d2dedaaac62&units=imperial&q=buta,CD"
231,bonthe,SL,7.53,79.76,84,24,5.73,"http://api.openweathermap.org/data/2.5/weather?appid=63340cc13e489b8d48a66d2dedaaac62&units=imperial&q=bonthe,SL"
232,limbang,MY,4.75,78.8,94,75,3.36,"http://api.openweathermap.org/data/2.5/weather?appid=63340cc13e489b8d48a66d2dedaaac62&units=imperial&q=limbang,MY"
233,kloulklubed,PW,7.04,80.6,83,90,6.93,"http://api.openweathermap.org/data/2.5/weather?appid=63340cc13e489b8d48a66d2dedaaac62&units=imperial&q=kloulklubed,PW"
234,cururupu,BR,-1.82,82.1,75,24,7.18,"http://api.openweathermap.org/data/2.5/weather?appid=63340cc13e489b8d48a66d2dedaaac62&units=imperial&q=cururupu,BR"
235,ternate,ID,0.8,81.74,100,44,6.85,"http://api.openweathermap.org/data/2.5/weather?appid=63340cc13e489b8d48a66d2dedaaac62&units=imperial&q=ternate,ID"
236,latung,PH,5.5,83.09,100,36,1.92,"http://api.openweathermap.org/data/2.5/weather?appid=63340cc13e489b8d48a66d2dedaaac62&units=imperial&q=latung,PH"
237,acapulco,MX,16.86,80.6,74,5,12.75,"http://api.openweathermap.org/data/2.5/weather?appid=63340cc13e489b8d48a66d2dedaaac62&units=imperial&q=acapulco,MX"
238,bubaque,GW,11.28,82.4,61,8,8.05,"http://api.openweathermap.org/data/2.5/weather?appid=63340cc13e489b8d48a66d2dedaaac62&units=imperial&q=bubaque,GW"
239,carutapera,BR,-1.2,81.83,81,68,8.52,"http://api.openweathermap.org/data/2.5/weather?appid=63340cc13e489b8d48a66d2dedaaac62&units=imperial&q=carutapera,BR"
240,vanimo,PG,-2.67,75.53,100,92,10.2,"http://api.openweathermap.org/data/2.5/weather?appid=63340cc13e489b8d48a66d2dedaaac62&units=imperial&q=vanimo,PG"
241,hilo,US,19.71,78.8,69,90,8.05,"http://api.openweathermap.org/data/2.5/weather?appid=63340cc13e489b8d48a66d2dedaaac62&units=imperial&q=hilo,US"
243,amapa,BR,-1.83,85.25,74,76,0.92,"http://api.openweathermap.org/data/2.5/weather?appid=63340cc13e489b8d48a66d2dedaaac62&units=imperial&q=amapa,BR"
244,ugoofaaru,MV,5.67,83.54,100,0,6.85,"http://api.openweathermap.org/data/2.5/weather?appid=63340cc13e489b8d48a66d2dedaaac62&units=imperial&q=ugoofaaru,MV"
245,aneho,TG,6.23,82.4,78,20,13.87,"http://api.openweathermap.org/data/2.5/weather?appid=63340cc13e489b8d48a66d2dedaaac62&units=imperial&q=aneho,TG"
246,la palma,PA,8.4,83.9,74,92,7.4,"http://api.openweathermap.org/data/2.5/weather?appid=63340cc13e489b8d48a66d2dedaaac62&units=imperial&q=la%20palma,PA"
247,bandarbeyla,SO,9.49,78.05,100,0,5.95,"http://api.openweathermap.org/data/2.5/weather?appid=63340cc13e489b8d48a66d2dedaaac62&units=imperial&q=bandarbeyla,SO"
248,eyl,SO,7.98,74.63,100,20,8.63,"http://api.openweathermap.org/data/2.5/weather?appid=63340cc13e489b8d48a66d2dedaaac62&units=imperial&q=eyl,SO"
249,kapaa,US,22.08,78.8,83,75,12.75,"http://api.openweathermap.org/data/2.5/weather?appid=63340cc13e489b8d48a66d2dedaaac62&units=imperial&q=kapaa,US"
250,bria,CF,6.54,77.15,57,8,6.29,"http://api.openweathermap.org/data/2.5/weather?appid=63340cc13e489b8d48a66d2dedaaac62&units=imperial&q=bria,CF"
251,njinikom,CM,6.23,61.4,96,36,1.7,"http://api.openweathermap.org/data/2.5/weather?appid=63340cc13e489b8d48a66d2dedaaac62&units=imperial&q=njinikom,CM"
252,banyo,CM,6.75,83.0,24,92,7.96,"http://api.openweathermap.org/data/2.5/weather?appid=63340cc13e489b8d48a66d2dedaaac62&units=imperial&q=banyo,CM"
253,itarema,BR,-2.92,81.38,73,12,8.63,"http://api.openweathermap.org/data/2.5/weather?appid=63340cc13e489b8d48a66d2dedaaac62&units=imperial&q=itarema,BR"
254,kavieng,PG,-2.57,76.88,100,88,13.22,"http://api.openweathermap.org/data/2.5/weather?appid=63340cc13e489b8d48a66d2dedaaac62&units=imperial&q=kavieng,PG"
255,san patricio,MX,19.22,77.0,83,20,13.87,"http://api.openweathermap.org/data/2.5/weather?appid=63340cc13e489b8d48a66d2dedaaac62&units=imperial&q=san%20patricio,MX"
256,puerto carreno,CO,6.19,100.4,33,20,3.36,"http://api.openweathermap.org/data/2.5/weather?appid=63340cc13e489b8d48a66d2dedaaac62&units=imperial&q=puerto%20carreno,CO"
257,arboletes,CO,8.85,95.0,53,40,11.21,"http://api.openweathermap.org/data/2.5/weather?appid=63340cc13e489b8d48a66d2dedaaac62&units=imperial&q=arboletes,CO"
259,phangnga,TH,8.45,77.0,88,20,2.24,"http://api.openweathermap.org/data/2.5/weather?appid=63340cc13e489b8d48a66d2dedaaac62&units=imperial&q=phangnga,TH"
260,sao filipe,CV,14.9,70.4,96,0,17.25,"http://api.openweathermap.org/data/2.5/weather?appid=63340cc13e489b8d48a66d2dedaaac62&units=imperial&q=sao%20filipe,CV"
262,santa cruz,CR,10.26,95.0,36,0,23.04,"http://api.openweathermap.org/data/2.5/weather?appid=63340cc13e489b8d48a66d2dedaaac62&units=imperial&q=santa%20cruz,CR"
263,villa bruzual,VE,9.33,96.8,53,40,6.4,"http://api.openweathermap.org/data/2.5/weather?appid=63340cc13e489b8d48a66d2dedaaac62&units=imperial&q=villa%20bruzual,VE"
264,balabac,PH,7.99,82.1,98,92,12.88,"http://api.openweathermap.org/data/2.5/weather?appid=63340cc13e489b8d48a66d2dedaaac62&units=imperial&q=balabac,PH"
265,oussouye,SN,12.49,73.4,78,0,6.93,"http://api.openweathermap.org/data/2.5/weather?appid=63340cc13e489b8d48a66d2dedaaac62&units=imperial&q=oussouye,SN"
266,kilinochchi,LK,9.4,80.3,100,12,9.86,"http://api.openweathermap.org/data/2.5/weather?appid=63340cc13e489b8d48a66d2dedaaac62&units=imperial&q=kilinochchi,LK"
271,birao,CF,10.3,73.19,16,0,9.42,"http://api.openweathermap.org/data/2.5/weather?appid=63340cc13e489b8d48a66d2dedaaac62&units=imperial&q=birao,CF"
272,cayenne,GF,4.94,82.4,69,40,10.29,"http://api.openweathermap.org/data/2.5/weather?appid=63340cc13e489b8d48a66d2dedaaac62&units=imperial&q=cayenne,GF"
273,butaritari,KI,3.07,81.2,100,64,4.94,"http://api.openweathermap.org/data/2.5/weather?appid=63340cc13e489b8d48a66d2dedaaac62&units=imperial&q=butaritari,KI"
274,sirumugai,IN,11.32,77.0,78,20,3.36,"http://api.openweathermap.org/data/2.5/weather?appid=63340cc13e489b8d48a66d2dedaaac62&units=imperial&q=sirumugai,IN"
275,kolondieba,ML,11.09,84.53,49,76,5.61,"http://api.openweathermap.org/data/2.5/weather?appid=63340cc13e489b8d48a66d2dedaaac62&units=imperial&q=kolondieba,ML"
277,manjeshwar,IN,12.72,78.32,100,80,4.61,"http://api.openweathermap.org/data/2.5/weather?appid=63340cc13e489b8d48a66d2dedaaac62&units=imperial&q=manjeshwar,IN"
278,oistins,BB,13.07,84.2,66,40,16.11,"http://api.openweathermap.org/data/2.5/weather?appid=63340cc13e489b8d48a66d2dedaaac62&units=imperial&q=oistins,BB"
279,umm kaddadah,SD,13.6,63.02,15,0,4.94,"http://api.openweathermap.org/data/2.5/weather?appid=63340cc13e489b8d48a66d2dedaaac62&units=imperial&q=umm%20kaddadah,SD"
280,port blair,IN,11.67,82.1,100,0,8.52,"http://api.openweathermap.org/data/2.5/weather?appid=63340cc13e489b8d48a66d2dedaaac62&units=imperial&q=port%20blair,IN"
281,bama,NG,11.52,76.16,19,0,8.19,"http://api.openweathermap.org/data/2.5/weather?appid=63340cc13e489b8d48a66d2dedaaac62&units=imperial&q=bama,NG"
282,zabid,YE,14.2,51.14,62,32,1.36,"http://api.openweathermap.org/data/2.5/weather?appid=63340cc13e489b8d48a66d2dedaaac62&units=imperial&q=zabid,YE"
283,kavaratti,IN,10.57,81.92,100,0,4.38,"http://api.openweathermap.org/data/2.5/weather?appid=63340cc13e489b8d48a66d2dedaaac62&units=imperial&q=kavaratti,IN"
284,ewa beach,US,21.32,82.4,58,40,6.93,"http://api.openweathermap.org/data/2.5/weather?appid=63340cc13e489b8d48a66d2dedaaac62&units=imperial&q=ewa%20beach,US"
285,djenne,ML,13.91,86.6,25,68,9.08,"http://api.openweathermap.org/data/2.5/weather?appid=63340cc13e489b8d48a66d2dedaaac62&units=imperial&q=djenne,ML"
286,cabadiangan,PH,10.45,78.8,83,20,9.17,"http://api.openweathermap.org/data/2.5/weather?appid=63340cc13e489b8d48a66d2dedaaac62&units=imperial&q=cabadiangan,PH"
287,karwar,IN,14.8,70.85,95,44,1.59,"http://api.openweathermap.org/data/2.5/weather?appid=63340cc13e489b8d48a66d2dedaaac62&units=imperial&q=karwar,IN"
288,guerrero negro,MX,27.97,63.65,61,0,12.88,"http://api.openweathermap.org/data/2.5/weather?appid=63340cc13e489b8d48a66d2dedaaac62&units=imperial&q=guerrero%20negro,MX"
289,champasak,LA,14.89,72.92,93,12,3.6,"http://api.openweathermap.org/data/2.5/weather?appid=63340cc13e489b8d48a66d2dedaaac62&units=imperial&q=champasak,LA"
290,salalah,OM,17.01,77.0,69,20,3.36,"http://api.openweathermap.org/data/2.5/weather?appid=63340cc13e489b8d48a66d2dedaaac62&units=imperial&q=salalah,OM"
291,puerto colombia,CO,10.99,87.8,62,0,16.11,"http://api.openweathermap.org/data/2.5/weather?appid=63340cc13e489b8d48a66d2dedaaac62&units=imperial&q=puerto%20colombia,CO"
292,sayyan,YE,15.17,56.18,49,76,1.59,"http://api.openweathermap.org/data/2.5/weather?appid=63340cc13e489b8d48a66d2dedaaac62&units=imperial&q=sayyan,YE"
293,san andres,CO,8.22,89.6,62,40,16.11,"http://api.openweathermap.org/data/2.5/weather?appid=63340cc13e489b8d48a66d2dedaaac62&units=imperial&q=san%20andres,CO"
294,pedernales,DO,18.04,84.2,70,40,16.11,"http://api.openweathermap.org/data/2.5/weather?appid=63340cc13e489b8d48a66d2dedaaac62&units=imperial&q=pedernales,DO"
295,kayes,ML,14.44,83.45,27,0,8.41,"http://api.openweathermap.org/data/2.5/weather?appid=63340cc13e489b8d48a66d2dedaaac62&units=imperial&q=kayes,ML"
296,tahoua,NE,14.89,74.99,33,12,5.84,"http://api.openweathermap.org/data/2.5/weather?appid=63340cc13e489b8d48a66d2dedaaac62&units=imperial&q=tahoua,NE"
298,anito,PH,12.45,81.2,100,80,18.25,"http://api.openweathermap.org/data/2.5/weather?appid=63340cc13e489b8d48a66d2dedaaac62&units=imperial&q=anito,PH"
299,pathein,MM,16.78,74.45,83,20,6.4,"http://api.openweathermap.org/data/2.5/weather?appid=63340cc13e489b8d48a66d2dedaaac62&units=imperial&q=pathein,MM"
300,yarada,IN,17.65,81.02,100,0,2.82,"http://api.openweathermap.org/data/2.5/weather?appid=63340cc13e489b8d48a66d2dedaaac62&units=imperial&q=yarada,IN"
301,constitucion,MX,23.99,77.0,12,20,12.75,"http://api.openweathermap.org/data/2.5/weather?appid=63340cc13e489b8d48a66d2dedaaac62&units=imperial&q=constitucion,MX"
304,ponta do sol,CV,17.2,69.68,100,0,20.04,"http://api.openweathermap.org/data/2.5/weather?appid=63340cc13e489b8d48a66d2dedaaac62&units=imperial&q=ponta%20do%20sol,CV"
305,mae hong son,TH,19.3,64.64,92,12,1.92,"http://api.openweathermap.org/data/2.5/weather?appid=63340cc13e489b8d48a66d2dedaaac62&units=imperial&q=mae%20hong%20son,TH"
306,tomatlan,MX,19.93,88.13,42,0,4.83,"http://api.openweathermap.org/data/2.5/weather?appid=63340cc13e489b8d48a66d2dedaaac62&units=imperial&q=tomatlan,MX"
307,bathsheba,BB,13.22,84.2,66,40,16.11,"http://api.openweathermap.org/data/2.5/weather?appid=63340cc13e489b8d48a66d2dedaaac62&units=imperial&q=bathsheba,BB"
308,nouakchott,MR,18.08,67.79,88,56,20.49,"http://api.openweathermap.org/data/2.5/weather?appid=63340cc13e489b8d48a66d2dedaaac62&units=imperial&q=nouakchott,MR"
309,araouane,ML,18.9,75.17,16,24,8.97,"http://api.openweathermap.org/data/2.5/weather?appid=63340cc13e489b8d48a66d2dedaaac62&units=imperial&q=araouane,ML"
310,zhuhai,CN,40.71,26.6,92,20,2.24,"http://api.openweathermap.org/data/2.5/weather?appid=63340cc13e489b8d48a66d2dedaaac62&units=imperial&q=zhuhai,CN"
311,cabo san lucas,MX,22.89,86.0,30,20,11.41,"http://api.openweathermap.org/data/2.5/weather?appid=63340cc13e489b8d48a66d2dedaaac62&units=imperial&q=cabo%20san%20lucas,MX"
312,sur,OM,22.57,74.09,96,0,4.05,"http://api.openweathermap.org/data/2.5/weather?appid=63340cc13e489b8d48a66d2dedaaac62&units=imperial&q=sur,OM"
313,nouadhibou,MR,20.93,66.2,63,0,17.22,"http://api.openweathermap.org/data/2.5/weather?appid=63340cc13e489b8d48a66d2dedaaac62&units=imperial&q=nouadhibou,MR"
314,gopalpur,IN,25.6,67.88,37,0,8.52,"http://api.openweathermap.org/data/2.5/weather?appid=63340cc13e489b8d48a66d2dedaaac62&units=imperial&q=gopalpur,IN"
315,katsuura,JP,33.93,39.2,80,75,5.82,"http://api.openweathermap.org/data/2.5/weather?appid=63340cc13e489b8d48a66d2dedaaac62&units=imperial&q=katsuura,JP"
316,mecca,SA,21.43,82.4,48,0,2.71,"http://api.openweathermap.org/data/2.5/weather?appid=63340cc13e489b8d48a66d2dedaaac62&units=imperial&q=mecca,SA"
317,paraiso,MX,24.01,77.0,12,20,12.75,"http://api.openweathermap.org/data/2.5/weather?appid=63340cc13e489b8d48a66d2dedaaac62&units=imperial&q=paraiso,MX"
318,loikaw,MM,19.67,58.16,93,0,2.15,"http://api.openweathermap.org/data/2.5/weather?appid=63340cc13e489b8d48a66d2dedaaac62&units=imperial&q=loikaw,MM"
319,hirara,JP,24.8,70.94,100,48,11.77,"http://api.openweathermap.org/data/2.5/weather?appid=63340cc13e489b8d48a66d2dedaaac62&units=imperial&q=hirara,JP"
320,taitung,TW,22.76,67.16,100,48,6.73,"http://api.openweathermap.org/data/2.5/weather?appid=63340cc13e489b8d48a66d2dedaaac62&units=imperial&q=taitung,TW"
322,lompoc,US,34.64,57.2,58,75,12.75,"http://api.openweathermap.org/data/2.5/weather?appid=63340cc13e489b8d48a66d2dedaaac62&units=imperial&q=lompoc,US"
323,kailua,US,21.39,82.4,83,1,3.36,"http://api.openweathermap.org/data/2.5/weather?appid=63340cc13e489b8d48a66d2dedaaac62&units=imperial&q=kailua,US"
324,baragua,CU,21.7,83.09,67,88,7.18,"http://api.openweathermap.org/data/2.5/weather?appid=63340cc13e489b8d48a66d2dedaaac62&units=imperial&q=baragua,CU"
325,simdega,IN,22.61,60.86,86,0,2.71,"http://api.openweathermap.org/data/2.5/weather?appid=63340cc13e489b8d48a66d2dedaaac62&units=imperial&q=simdega,IN"
326,atar,MR,20.52,71.48,19,0,9.42,"http://api.openweathermap.org/data/2.5/weather?appid=63340cc13e489b8d48a66d2dedaaac62&units=imperial&q=atar,MR"
327,bolondron,CU,22.76,82.4,61,75,10.29,"http://api.openweathermap.org/data/2.5/weather?appid=63340cc13e489b8d48a66d2dedaaac62&units=imperial&q=bolondron,CU"
328,cuauhtemoc,MX,28.72,75.2,29,75,9.17,"http://api.openweathermap.org/data/2.5/weather?appid=63340cc13e489b8d48a66d2dedaaac62&units=imperial&q=cuauhtemoc,MX"
331,nishihara,JP,35.74,46.4,69,1,3.36,"http://api.openweathermap.org/data/2.5/weather?appid=63340cc13e489b8d48a66d2dedaaac62&units=imperial&q=nishihara,JP"
332,sultanpur,IN,26.26,66.35,43,0,4.38,"http://api.openweathermap.org/data/2.5/weather?appid=63340cc13e489b8d48a66d2dedaaac62&units=imperial&q=sultanpur,IN"
333,jalu,LY,29.03,72.11,23,20,9.98,"http://api.openweathermap.org/data/2.5/weather?appid=63340cc13e489b8d48a66d2dedaaac62&units=imperial&q=jalu,LY"
334,tessalit,ML,20.2,69.5,18,0,8.86,"http://api.openweathermap.org/data/2.5/weather?appid=63340cc13e489b8d48a66d2dedaaac62&units=imperial&q=tessalit,ML"
335,jamtara,IN,23.95,66.8,64,0,3.71,"http://api.openweathermap.org/data/2.5/weather?appid=63340cc13e489b8d48a66d2dedaaac62&units=imperial&q=jamtara,IN"
336,doha,QA,25.29,73.4,64,0,16.11,"http://api.openweathermap.org/data/2.5/weather?appid=63340cc13e489b8d48a66d2dedaaac62&units=imperial&q=doha,QA"
338,cockburn town,TC,21.46,75.62,100,20,13.56,"http://api.openweathermap.org/data/2.5/weather?appid=63340cc13e489b8d48a66d2dedaaac62&units=imperial&q=cockburn%20town,TC"
339,cockburn town,BS,24.03,73.64,100,0,9.64,"http://api.openweathermap.org/data/2.5/weather?appid=63340cc13e489b8d48a66d2dedaaac62&units=imperial&q=cockburn%20town,BS"
340,diphu,IN,25.84,57.53,88,0,0.58,"http://api.openweathermap.org/data/2.5/weather?appid=63340cc13e489b8d48a66d2dedaaac62&units=imperial&q=diphu,IN"
341,naze,JP,28.37,65.63,100,76,10.42,"http://api.openweathermap.org/data/2.5/weather?appid=63340cc13e489b8d48a66d2dedaaac62&units=imperial&q=naze,JP"
342,bandar-e lengeh,IR,26.56,72.38,100,0,16.58,"http://api.openweathermap.org/data/2.5/weather?appid=63340cc13e489b8d48a66d2dedaaac62&units=imperial&q=bandar-e%20lengeh,IR"
343,buraydah,SA,26.33,69.8,35,0,17.22,"http://api.openweathermap.org/data/2.5/weather?appid=63340cc13e489b8d48a66d2dedaaac62&units=imperial&q=buraydah,SA"
345,panzhihua,CN,26.59,54.92,51,12,3.94,"http://api.openweathermap.org/data/2.5/weather?appid=63340cc13e489b8d48a66d2dedaaac62&units=imperial&q=panzhihua,CN"
346,chabahar,IR,25.29,73.28,99,0,4.5,"http://api.openweathermap.org/data/2.5/weather?appid=63340cc13e489b8d48a66d2dedaaac62&units=imperial&q=chabahar,IR"
347,tateyama,JP,36.66,23.15,85,44,1.92,"http://api.openweathermap.org/data/2.5/weather?appid=63340cc13e489b8d48a66d2dedaaac62&units=imperial&q=tateyama,JP"
348,taoudenni,ML,22.68,63.11,21,0,7.4,"http://api.openweathermap.org/data/2.5/weather?appid=63340cc13e489b8d48a66d2dedaaac62&units=imperial&q=taoudenni,ML"
350,hasaki,JP,35.73,37.4,100,20,1.12,"http://api.openweathermap.org/data/2.5/weather?appid=63340cc13e489b8d48a66d2dedaaac62&units=imperial&q=hasaki,JP"
351,adrar,DZ,27.87,64.4,12,0,8.05,"http://api.openweathermap.org/data/2.5/weather?appid=63340cc13e489b8d48a66d2dedaaac62&units=imperial&q=adrar,DZ"
352,tabuk,SA,28.38,66.2,13,0,8.05,"http://api.openweathermap.org/data/2.5/weather?appid=63340cc13e489b8d48a66d2dedaaac62&units=imperial&q=tabuk,SA"
353,lakhimpur,IN,27.24,60.68,99,68,7.07,"http://api.openweathermap.org/data/2.5/weather?appid=63340cc13e489b8d48a66d2dedaaac62&units=imperial&q=lakhimpur,IN"
355,los llanos de aridane,ES,28.66,64.4,63,40,5.82,"http://api.openweathermap.org/data/2.5/weather?appid=63340cc13e489b8d48a66d2dedaaac62&units=imperial&q=los%20llanos%20de%20aridane,ES"
356,creel,MX,27.75,54.2,40,48,12.21,"http://api.openweathermap.org/data/2.5/weather?appid=63340cc13e489b8d48a66d2dedaaac62&units=imperial&q=creel,MX"
357,marsh harbour,BS,26.54,71.66,100,0,6.4,"http://api.openweathermap.org/data/2.5/weather?appid=63340cc13e489b8d48a66d2dedaaac62&units=imperial&q=marsh%20harbour,BS"
358,ribeira grande,PT,38.52,62.6,93,20,12.75,"http://api.openweathermap.org/data/2.5/weather?appid=63340cc13e489b8d48a66d2dedaaac62&units=imperial&q=ribeira%20grande,PT"
360,muroto,JP,33.37,42.23,100,12,0.92,"http://api.openweathermap.org/data/2.5/weather?appid=63340cc13e489b8d48a66d2dedaaac62&units=imperial&q=muroto,JP"
361,bay saint louis,US,30.31,75.2,88,75,8.05,"http://api.openweathermap.org/data/2.5/weather?appid=63340cc13e489b8d48a66d2dedaaac62&units=imperial&q=bay%20saint%20louis,US"
362,marrakesh,MA,31.63,55.4,58,40,5.82,"http://api.openweathermap.org/data/2.5/weather?appid=63340cc13e489b8d48a66d2dedaaac62&units=imperial&q=marrakesh,MA"
364,pishin,PK,30.58,39.62,72,68,3.38,"http://api.openweathermap.org/data/2.5/weather?appid=63340cc13e489b8d48a66d2dedaaac62&units=imperial&q=pishin,PK"
365,ismailia,EG,30.6,56.9,75,0,10.98,"http://api.openweathermap.org/data/2.5/weather?appid=63340cc13e489b8d48a66d2dedaaac62&units=imperial&q=ismailia,EG"
366,saint simons,US,31.14,78.8,60,75,12.75,"http://api.openweathermap.org/data/2.5/weather?appid=63340cc13e489b8d48a66d2dedaaac62&units=imperial&q=saint%20simons,US"
367,pasighat,IN,28.06,53.3,99,92,1.14,"http://api.openweathermap.org/data/2.5/weather?appid=63340cc13e489b8d48a66d2dedaaac62&units=imperial&q=pasighat,IN"
368,shenjiamen,CN,29.96,54.2,92,92,10.09,"http://api.openweathermap.org/data/2.5/weather?appid=63340cc13e489b8d48a66d2dedaaac62&units=imperial&q=shenjiamen,CN"
371,oyama,JP,36.31,33.8,86,75,2.24,"http://api.openweathermap.org/data/2.5/weather?appid=63340cc13e489b8d48a66d2dedaaac62&units=imperial&q=oyama,JP"
372,kulachi,PK,31.93,53.39,67,20,2.82,"http://api.openweathermap.org/data/2.5/weather?appid=63340cc13e489b8d48a66d2dedaaac62&units=imperial&q=kulachi,PK"
374,shahr-e kord,IR,32.33,41.0,48,40,6.93,"http://api.openweathermap.org/data/2.5/weather?appid=63340cc13e489b8d48a66d2dedaaac62&units=imperial&q=shahr-e%20kord,IR"
375,shahreza,IR,32.01,35.48,47,20,5.17,"http://api.openweathermap.org/data/2.5/weather?appid=63340cc13e489b8d48a66d2dedaaac62&units=imperial&q=shahreza,IR"
376,hit,IQ,33.64,54.56,29,0,8.75,"http://api.openweathermap.org/data/2.5/weather?appid=63340cc13e489b8d48a66d2dedaaac62&units=imperial&q=hit,IQ"
378,kahului,US,20.89,80.6,74,20,14.99,"http://api.openweathermap.org/data/2.5/weather?appid=63340cc13e489b8d48a66d2dedaaac62&units=imperial&q=kahului,US"
381,half moon bay,US,37.46,57.2,76,1,9.17,"http://api.openweathermap.org/data/2.5/weather?appid=63340cc13e489b8d48a66d2dedaaac62&units=imperial&q=half%20moon%20bay,US"
382,buckeye,US,33.37,68.0,68,1,12.75,"http://api.openweathermap.org/data/2.5/weather?appid=63340cc13e489b8d48a66d2dedaaac62&units=imperial&q=buckeye,US"
383,griffin,US,33.25,73.4,56,75,9.17,"http://api.openweathermap.org/data/2.5/weather?appid=63340cc13e489b8d48a66d2dedaaac62&units=imperial&q=griffin,US"
384,owase,JP,34.07,29.63,100,0,0.69,"http://api.openweathermap.org/data/2.5/weather?appid=63340cc13e489b8d48a66d2dedaaac62&units=imperial&q=owase,JP"
385,nikolskoye,RU,59.7,21.2,85,75,4.47,"http://api.openweathermap.org/data/2.5/weather?appid=63340cc13e489b8d48a66d2dedaaac62&units=imperial&q=nikolskoye,RU"
386,morro bay,US,35.37,57.2,66,75,8.05,"http://api.openweathermap.org/data/2.5/weather?appid=63340cc13e489b8d48a66d2dedaaac62&units=imperial&q=morro%20bay,US"
387,xuanwu,CN,32.07,51.8,87,40,6.71,"http://api.openweathermap.org/data/2.5/weather?appid=63340cc13e489b8d48a66d2dedaaac62&units=imperial&q=xuanwu,CN"
389,daokou,CN,35.61,33.86,65,92,5.5,"http://api.openweathermap.org/data/2.5/weather?appid=63340cc13e489b8d48a66d2dedaaac62&units=imperial&q=daokou,CN"
390,yatou,CN,33.81,35.48,100,92,1.7,"http://api.openweathermap.org/data/2.5/weather?appid=63340cc13e489b8d48a66d2dedaaac62&units=imperial&q=yatou,CN"
391,hirado,JP,33.32,53.3,100,12,5.39,"http://api.openweathermap.org/data/2.5/weather?appid=63340cc13e489b8d48a66d2dedaaac62&units=imperial&q=hirado,JP"
392,kumluca,TR,36.37,38.36,81,56,1.36,"http://api.openweathermap.org/data/2.5/weather?appid=63340cc13e489b8d48a66d2dedaaac62&units=imperial&q=kumluca,TR"
393,herat,AF,34.35,52.22,74,88,13.44,"http://api.openweathermap.org/data/2.5/weather?appid=63340cc13e489b8d48a66d2dedaaac62&units=imperial&q=herat,AF"
394,saint george,BM,32.38,62.6,55,40,19.46,"http://api.openweathermap.org/data/2.5/weather?appid=63340cc13e489b8d48a66d2dedaaac62&units=imperial&q=saint%20george,BM"
396,korla,CN,41.76,32.69,91,12,3.04,"http://api.openweathermap.org/data/2.5/weather?appid=63340cc13e489b8d48a66d2dedaaac62&units=imperial&q=korla,CN"
397,ukiah,US,39.15,51.8,57,1,5.82,"http://api.openweathermap.org/data/2.5/weather?appid=63340cc13e489b8d48a66d2dedaaac62&units=imperial&q=ukiah,US"
398,cortez,US,37.35,55.4,17,1,18.34,"http://api.openweathermap.org/data/2.5/weather?appid=63340cc13e489b8d48a66d2dedaaac62&units=imperial&q=cortez,US"
399,nemuro,JP,43.32,33.59,99,0,21.27,"http://api.openweathermap.org/data/2.5/weather?appid=63340cc13e489b8d48a66d2dedaaac62&units=imperial&q=nemuro,JP"
401,lithakia,GR,37.72,73.4,27,75,19.46,"http://api.openweathermap.org/data/2.5/weather?appid=63340cc13e489b8d48a66d2dedaaac62&units=imperial&q=lithakia,GR"
403,cascais,PT,38.7,48.2,93,75,2.24,"http://api.openweathermap.org/data/2.5/weather?appid=63340cc13e489b8d48a66d2dedaaac62&units=imperial&q=cascais,PT"
404,waterloo,US,42.5,46.4,48,90,6.93,"http://api.openweathermap.org/data/2.5/weather?appid=63340cc13e489b8d48a66d2dedaaac62&units=imperial&q=waterloo,US"
405,fortuna,US,40.6,51.8,61,1,5.82,"http://api.openweathermap.org/data/2.5/weather?appid=63340cc13e489b8d48a66d2dedaaac62&units=imperial&q=fortuna,US"
406,ardabil,IR,38.25,18.47,77,0,2.37,"http://api.openweathermap.org/data/2.5/weather?appid=63340cc13e489b8d48a66d2dedaaac62&units=imperial&q=ardabil,IR"
407,torbay,CA,47.66,33.8,59,75,4.7,"http://api.openweathermap.org/data/2.5/weather?appid=63340cc13e489b8d48a66d2dedaaac62&units=imperial&q=torbay,CA"
408,murakami,JP,38.29,14.15,82,24,2.15,"http://api.openweathermap.org/data/2.5/weather?appid=63340cc13e489b8d48a66d2dedaaac62&units=imperial&q=murakami,JP"
410,yangcun,CN,29.98,51.95,100,92,2.48,"http://api.openweathermap.org/data/2.5/weather?appid=63340cc13e489b8d48a66d2dedaaac62&units=imperial&q=yangcun,CN"
411,balkanabat,TM,39.51,46.82,99,88,2.93,"http://api.openweathermap.org/data/2.5/weather?appid=63340cc13e489b8d48a66d2dedaaac62&units=imperial&q=balkanabat,TM"
412,bay roberts,CA,47.58,33.8,59,75,4.7,"http://api.openweathermap.org/data/2.5/weather?appid=63340cc13e489b8d48a66d2dedaaac62&units=imperial&q=bay%20roberts,CA"
413,ryotsu,JP,38.08,37.46,100,48,4.5,"http://api.openweathermap.org/data/2.5/weather?appid=63340cc13e489b8d48a66d2dedaaac62&units=imperial&q=ryotsu,JP"
414,franklin park,US,41.94,46.4,30,20,14.99,"http://api.openweathermap.org/data/2.5/weather?appid=63340cc13e489b8d48a66d2dedaaac62&units=imperial&q=franklin%20park,US"
415,north platte,US,41.12,41.0,75,40,5.82,"http://api.openweathermap.org/data/2.5/weather?appid=63340cc13e489b8d48a66d2dedaaac62&units=imperial&q=north%20platte,US"
416,kodiak,US,39.95,39.2,86,90,11.41,"http://api.openweathermap.org/data/2.5/weather?appid=63340cc13e489b8d48a66d2dedaaac62&units=imperial&q=kodiak,US"
417,guarda,PT,40.54,39.08,96,92,2.71,"http://api.openweathermap.org/data/2.5/weather?appid=63340cc13e489b8d48a66d2dedaaac62&units=imperial&q=guarda,PT"
418,duzce,TR,40.84,57.62,47,20,4.38,"http://api.openweathermap.org/data/2.5/weather?appid=63340cc13e489b8d48a66d2dedaaac62&units=imperial&q=duzce,TR"
419,khasan,RU,42.43,26.12,92,0,9.53,"http://api.openweathermap.org/data/2.5/weather?appid=63340cc13e489b8d48a66d2dedaaac62&units=imperial&q=khasan,RU"
420,severo-kurilsk,RU,50.68,19.91,100,48,22.06,"http://api.openweathermap.org/data/2.5/weather?appid=63340cc13e489b8d48a66d2dedaaac62&units=imperial&q=severo-kurilsk,RU"
422,findlay,US,41.04,44.6,59,90,8.05,"http://api.openweathermap.org/data/2.5/weather?appid=63340cc13e489b8d48a66d2dedaaac62&units=imperial&q=findlay,US"
423,jining,CN,35.41,41.42,98,92,10.31,"http://api.openweathermap.org/data/2.5/weather?appid=63340cc13e489b8d48a66d2dedaaac62&units=imperial&q=jining,CN"
424,gazojak,TM,41.19,47.72,76,92,8.08,"http://api.openweathermap.org/data/2.5/weather?appid=63340cc13e489b8d48a66d2dedaaac62&units=imperial&q=gazojak,TM"
425,iwanai,JP,42.97,35.66,100,80,20.49,"http://api.openweathermap.org/data/2.5/weather?appid=63340cc13e489b8d48a66d2dedaaac62&units=imperial&q=iwanai,JP"
427,montefiascone,IT,42.54,41.15,100,12,4.16,"http://api.openweathermap.org/data/2.5/weather?appid=63340cc13e489b8d48a66d2dedaaac62&units=imperial&q=montefiascone,IT"
428,grants pass,US,42.44,46.4,70,90,2.59,"http://api.openweathermap.org/data/2.5/weather?appid=63340cc13e489b8d48a66d2dedaaac62&units=imperial&q=grants%20pass,US"
429,brignoles,FR,43.41,53.6,76,36,4.7,"http://api.openweathermap.org/data/2.5/weather?appid=63340cc13e489b8d48a66d2dedaaac62&units=imperial&q=brignoles,FR"
430,provideniya,RU,64.42,0.92,100,44,44.65,"http://api.openweathermap.org/data/2.5/weather?appid=63340cc13e489b8d48a66d2dedaaac62&units=imperial&q=provideniya,RU"
431,erenhot,CN,43.65,17.84,57,32,2.93,"http://api.openweathermap.org/data/2.5/weather?appid=63340cc13e489b8d48a66d2dedaaac62&units=imperial&q=erenhot,CN"
432,bend,US,44.06,42.8,52,75,11.41,"http://api.openweathermap.org/data/2.5/weather?appid=63340cc13e489b8d48a66d2dedaaac62&units=imperial&q=bend,US"
433,rapid valley,US,44.06,42.8,86,1,13.87,"http://api.openweathermap.org/data/2.5/weather?appid=63340cc13e489b8d48a66d2dedaaac62&units=imperial&q=rapid%20valley,US"
434,north bend,US,43.41,48.2,87,90,11.41,"http://api.openweathermap.org/data/2.5/weather?appid=63340cc13e489b8d48a66d2dedaaac62&units=imperial&q=north%20bend,US"
435,pesaro,IT,43.91,50.0,87,40,9.19,"http://api.openweathermap.org/data/2.5/weather?appid=63340cc13e489b8d48a66d2dedaaac62&units=imperial&q=pesaro,IT"
436,nayoro,JP,44.36,31.7,87,88,10.09,"http://api.openweathermap.org/data/2.5/weather?appid=63340cc13e489b8d48a66d2dedaaac62&units=imperial&q=nayoro,JP"
437,muros,ES,42.77,42.8,93,40,3.36,"http://api.openweathermap.org/data/2.5/weather?appid=63340cc13e489b8d48a66d2dedaaac62&units=imperial&q=muros,ES"
438,yuzhno-sukhokumsk,RU,44.66,33.32,94,24,4.5,"http://api.openweathermap.org/data/2.5/weather?appid=63340cc13e489b8d48a66d2dedaaac62&units=imperial&q=yuzhno-sukhokumsk,RU"
439,huntsville,CA,45.33,26.6,21,1,9.17,"http://api.openweathermap.org/data/2.5/weather?appid=63340cc13e489b8d48a66d2dedaaac62&units=imperial&q=huntsville,CA"
440,chifeng,CN,42.27,18.38,78,0,2.59,"http://api.openweathermap.org/data/2.5/weather?appid=63340cc13e489b8d48a66d2dedaaac62&units=imperial&q=chifeng,CN"
441,mandalgovi,MN,45.76,24.95,64,80,1.92,"http://api.openweathermap.org/data/2.5/weather?appid=63340cc13e489b8d48a66d2dedaaac62&units=imperial&q=mandalgovi,MN"
442,suamico,US,44.63,50.0,19,1,4.72,"http://api.openweathermap.org/data/2.5/weather?appid=63340cc13e489b8d48a66d2dedaaac62&units=imperial&q=suamico,US"
443,cerasu,RO,45.32,44.12,84,80,5.06,"http://api.openweathermap.org/data/2.5/weather?appid=63340cc13e489b8d48a66d2dedaaac62&units=imperial&q=cerasu,RO"
444,eloszallas,HU,46.83,35.3,100,92,21.61,"http://api.openweathermap.org/data/2.5/weather?appid=63340cc13e489b8d48a66d2dedaaac62&units=imperial&q=eloszallas,HU"
445,bethel,US,60.79,32.0,95,90,9.17,"http://api.openweathermap.org/data/2.5/weather?appid=63340cc13e489b8d48a66d2dedaaac62&units=imperial&q=bethel,US"
446,marquette,US,46.54,39.2,27,20,6.93,"http://api.openweathermap.org/data/2.5/weather?appid=63340cc13e489b8d48a66d2dedaaac62&units=imperial&q=marquette,US"
447,carballo,ES,43.21,48.2,70,20,2.24,"http://api.openweathermap.org/data/2.5/weather?appid=63340cc13e489b8d48a66d2dedaaac62&units=imperial&q=carballo,ES"
448,kayiry,UA,46.95,42.95,98,92,9.42,"http://api.openweathermap.org/data/2.5/weather?appid=63340cc13e489b8d48a66d2dedaaac62&units=imperial&q=kayiry,UA"
449,petropavlovsk-kamchatskiy,RU,53.05,17.6,40,40,15.66,"http://api.openweathermap.org/data/2.5/weather?appid=63340cc13e489b8d48a66d2dedaaac62&units=imperial&q=petropavlovsk-kamchatskiy,RU"
450,altay,CN,47.83,14.78,67,44,2.15,"http://api.openweathermap.org/data/2.5/weather?appid=63340cc13e489b8d48a66d2dedaaac62&units=imperial&q=altay,CN"
451,dingle,IE,52.14,37.91,100,0,24.29,"http://api.openweathermap.org/data/2.5/weather?appid=63340cc13e489b8d48a66d2dedaaac62&units=imperial&q=dingle,IE"
452,ucluelet,CA,48.94,48.2,76,90,10.29,"http://api.openweathermap.org/data/2.5/weather?appid=63340cc13e489b8d48a66d2dedaaac62&units=imperial&q=ucluelet,CA"
453,ferme-neuve,CA,46.7,16.04,40,0,5.95,"http://api.openweathermap.org/data/2.5/weather?appid=63340cc13e489b8d48a66d2dedaaac62&units=imperial&q=ferme-neuve,CA"
454,kyra,RU,49.58,23.24,74,0,7.4,"http://api.openweathermap.org/data/2.5/weather?appid=63340cc13e489b8d48a66d2dedaaac62&units=imperial&q=kyra,RU"
455,vysokogornyy,RU,50.1,15.05,85,76,4.27,"http://api.openweathermap.org/data/2.5/weather?appid=63340cc13e489b8d48a66d2dedaaac62&units=imperial&q=vysokogornyy,RU"
456,cap-chat,CA,49.1,19.37,100,68,18.25,"http://api.openweathermap.org/data/2.5/weather?appid=63340cc13e489b8d48a66d2dedaaac62&units=imperial&q=cap-chat,CA"
457,ulaanbaatar,MN,47.92,24.8,68,40,2.93,"http://api.openweathermap.org/data/2.5/weather?appid=63340cc13e489b8d48a66d2dedaaac62&units=imperial&q=ulaanbaatar,MN"
458,killarney,CA,49.18,30.2,74,1,13.87,"http://api.openweathermap.org/data/2.5/weather?appid=63340cc13e489b8d48a66d2dedaaac62&units=imperial&q=killarney,CA"
459,atasu,KZ,48.68,20.99,69,64,6.73,"http://api.openweathermap.org/data/2.5/weather?appid=63340cc13e489b8d48a66d2dedaaac62&units=imperial&q=atasu,KZ"
460,khingansk,RU,49.12,17.48,92,68,3.71,"http://api.openweathermap.org/data/2.5/weather?appid=63340cc13e489b8d48a66d2dedaaac62&units=imperial&q=khingansk,RU"
461,semey,KZ,50.41,18.2,85,76,2.93,"http://api.openweathermap.org/data/2.5/weather?appid=63340cc13e489b8d48a66d2dedaaac62&units=imperial&q=semey,KZ"
463,kapuskasing,CA,49.42,14.0,28,40,4.7,"http://api.openweathermap.org/data/2.5/weather?appid=63340cc13e489b8d48a66d2dedaaac62&units=imperial&q=kapuskasing,CA"
464,dauriya,RU,49.93,23.33,74,0,17.13,"http://api.openweathermap.org/data/2.5/weather?appid=63340cc13e489b8d48a66d2dedaaac62&units=imperial&q=dauriya,RU"
465,saint-ambroise,CA,48.56,14.0,72,20,24.16,"http://api.openweathermap.org/data/2.5/weather?appid=63340cc13e489b8d48a66d2dedaaac62&units=imperial&q=saint-ambroise,CA"
466,belz,UA,50.38,19.4,73,75,17.9,"http://api.openweathermap.org/data/2.5/weather?appid=63340cc13e489b8d48a66d2dedaaac62&units=imperial&q=belz,UA"
467,chapais,CA,49.78,6.8,46,40,14.99,"http://api.openweathermap.org/data/2.5/weather?appid=63340cc13e489b8d48a66d2dedaaac62&units=imperial&q=chapais,CA"
468,bonavista,CA,48.65,32.06,94,68,2.04,"http://api.openweathermap.org/data/2.5/weather?appid=63340cc13e489b8d48a66d2dedaaac62&units=imperial&q=bonavista,CA"
469,sitka,US,37.17,62.3,34,56,9.75,"http://api.openweathermap.org/data/2.5/weather?appid=63340cc13e489b8d48a66d2dedaaac62&units=imperial&q=sitka,US"
470,mazyr,BY,52.05,12.26,80,24,14.45,"http://api.openweathermap.org/data/2.5/weather?appid=63340cc13e489b8d48a66d2dedaaac62&units=imperial&q=mazyr,BY"
471,havre-saint-pierre,CA,50.23,30.2,68,90,9.17,"http://api.openweathermap.org/data/2.5/weather?appid=63340cc13e489b8d48a66d2dedaaac62&units=imperial&q=havre-saint-pierre,CA"
472,rawa mazowiecka,PL,51.76,23.0,53,12,21.92,"http://api.openweathermap.org/data/2.5/weather?appid=63340cc13e489b8d48a66d2dedaaac62&units=imperial&q=rawa%20mazowiecka,PL"
473,drumheller,CA,51.47,30.35,100,92,4.38,"http://api.openweathermap.org/data/2.5/weather?appid=63340cc13e489b8d48a66d2dedaaac62&units=imperial&q=drumheller,CA"
474,khlevnoye,RU,54.57,6.05,81,68,16.02,"http://api.openweathermap.org/data/2.5/weather?appid=63340cc13e489b8d48a66d2dedaaac62&units=imperial&q=khlevnoye,RU"
475,rzhaksa,RU,52.14,27.02,99,92,12.44,"http://api.openweathermap.org/data/2.5/weather?appid=63340cc13e489b8d48a66d2dedaaac62&units=imperial&q=rzhaksa,RU"
476,moose factory,CA,51.26,6.8,42,20,13.87,"http://api.openweathermap.org/data/2.5/weather?appid=63340cc13e489b8d48a66d2dedaaac62&units=imperial&q=moose%20factory,CA"
478,gimli,CA,50.63,29.99,99,20,8.41,"http://api.openweathermap.org/data/2.5/weather?appid=63340cc13e489b8d48a66d2dedaaac62&units=imperial&q=gimli,CA"
480,altrincham,GB,53.38,32.0,79,75,13.87,"http://api.openweathermap.org/data/2.5/weather?appid=63340cc13e489b8d48a66d2dedaaac62&units=imperial&q=altrincham,GB"
481,ekhabi,RU,53.51,-3.68,64,20,9.64,"http://api.openweathermap.org/data/2.5/weather?appid=63340cc13e489b8d48a66d2dedaaac62&units=imperial&q=ekhabi,RU"
482,ishimbay,RU,53.45,7.31,76,24,2.93,"http://api.openweathermap.org/data/2.5/weather?appid=63340cc13e489b8d48a66d2dedaaac62&units=imperial&q=ishimbay,RU"
483,nanortalik,GL,60.14,36.29,84,32,29.55,"http://api.openweathermap.org/data/2.5/weather?appid=63340cc13e489b8d48a66d2dedaaac62&units=imperial&q=nanortalik,GL"
484,beaverlodge,CA,55.21,28.4,92,75,4.16,"http://api.openweathermap.org/data/2.5/weather?appid=63340cc13e489b8d48a66d2dedaaac62&units=imperial&q=beaverlodge,CA"
485,vestmannaeyjar,IS,63.44,44.84,92,92,17.69,"http://api.openweathermap.org/data/2.5/weather?appid=63340cc13e489b8d48a66d2dedaaac62&units=imperial&q=vestmannaeyjar,IS"
486,thompson,CA,55.74,21.2,44,5,11.41,"http://api.openweathermap.org/data/2.5/weather?appid=63340cc13e489b8d48a66d2dedaaac62&units=imperial&q=thompson,CA"
487,consett,GB,54.85,30.2,68,40,19.46,"http://api.openweathermap.org/data/2.5/weather?appid=63340cc13e489b8d48a66d2dedaaac62&units=imperial&q=consett,GB"
488,beringovskiy,RU,63.05,19.28,89,76,26.31,"http://api.openweathermap.org/data/2.5/weather?appid=63340cc13e489b8d48a66d2dedaaac62&units=imperial&q=beringovskiy,RU"
489,slave lake,CA,55.28,32.0,64,75,4.7,"http://api.openweathermap.org/data/2.5/weather?appid=63340cc13e489b8d48a66d2dedaaac62&units=imperial&q=slave%20lake,CA"
490,sept-iles,CA,50.2,24.8,38,75,12.75,"http://api.openweathermap.org/data/2.5/weather?appid=63340cc13e489b8d48a66d2dedaaac62&units=imperial&q=sept-iles,CA"
491,kolyvan,RU,55.31,15.8,85,32,4.47,"http://api.openweathermap.org/data/2.5/weather?appid=63340cc13e489b8d48a66d2dedaaac62&units=imperial&q=kolyvan,RU"
492,kichera,RU,55.93,-4.49,61,0,2.59,"http://api.openweathermap.org/data/2.5/weather?appid=63340cc13e489b8d48a66d2dedaaac62&units=imperial&q=kichera,RU"
493,fort saint james,CA,54.43,39.17,80,24,1.25,"http://api.openweathermap.org/data/2.5/weather?appid=63340cc13e489b8d48a66d2dedaaac62&units=imperial&q=fort%20saint%20james,CA"
494,boddam,GB,57.47,30.2,86,40,10.29,"http://api.openweathermap.org/data/2.5/weather?appid=63340cc13e489b8d48a66d2dedaaac62&units=imperial&q=boddam,GB"
495,andreapol,RU,56.65,-2.87,61,8,3.15,"http://api.openweathermap.org/data/2.5/weather?appid=63340cc13e489b8d48a66d2dedaaac62&units=imperial&q=andreapol,RU"
496,buncrana,IE,55.13,35.66,81,24,22.95,"http://api.openweathermap.org/data/2.5/weather?appid=63340cc13e489b8d48a66d2dedaaac62&units=imperial&q=buncrana,IE"
497,kingseat,GB,56.1,32.0,80,40,25.28,"http://api.openweathermap.org/data/2.5/weather?appid=63340cc13e489b8d48a66d2dedaaac62&units=imperial&q=kingseat,GB"
499,rassvet,RU,49.11,38.09,94,92,22.95,"http://api.openweathermap.org/data/2.5/weather?appid=63340cc13e489b8d48a66d2dedaaac62&units=imperial&q=rassvet,RU"
500,haines junction,CA,60.75,22.88,86,12,1.7,"http://api.openweathermap.org/data/2.5/weather?appid=63340cc13e489b8d48a66d2dedaaac62&units=imperial&q=haines%20junction,CA"
501,oskarshamn,SE,57.26,24.8,62,40,10.29,"http://api.openweathermap.org/data/2.5/weather?appid=63340cc13e489b8d48a66d2dedaaac62&units=imperial&q=oskarshamn,SE"
502,tugulym,RU,57.06,28.4,79,40,11.18,"http://api.openweathermap.org/data/2.5/weather?appid=63340cc13e489b8d48a66d2dedaaac62&units=imperial&q=tugulym,RU"
504,okhotsk,RU,59.36,5.33,100,76,4.83,"http://api.openweathermap.org/data/2.5/weather?appid=63340cc13e489b8d48a66d2dedaaac62&units=imperial&q=okhotsk,RU"
506,turtas,RU,58.94,31.52,84,88,12.66,"http://api.openweathermap.org/data/2.5/weather?appid=63340cc13e489b8d48a66d2dedaaac62&units=imperial&q=turtas,RU"
507,ust-maya,RU,60.42,-20.42,58,8,4.94,"http://api.openweathermap.org/data/2.5/weather?appid=63340cc13e489b8d48a66d2dedaaac62&units=imperial&q=ust-maya,RU"
509,paamiut,GL,61.99,31.61,92,80,7.63,"http://api.openweathermap.org/data/2.5/weather?appid=63340cc13e489b8d48a66d2dedaaac62&units=imperial&q=paamiut,GL"
510,whitehorse,CA,60.72,32.0,91,40,3.04,"http://api.openweathermap.org/data/2.5/weather?appid=63340cc13e489b8d48a66d2dedaaac62&units=imperial&q=whitehorse,CA"
512,gari,RU,59.43,12.89,60,20,10.31,"http://api.openweathermap.org/data/2.5/weather?appid=63340cc13e489b8d48a66d2dedaaac62&units=imperial&q=gari,RU"
513,belyy yar,RU,53.6,21.2,85,24,4.47,"http://api.openweathermap.org/data/2.5/weather?appid=63340cc13e489b8d48a66d2dedaaac62&units=imperial&q=belyy%20yar,RU"
516,peleduy,RU,59.63,-5.66,55,24,2.59,"http://api.openweathermap.org/data/2.5/weather?appid=63340cc13e489b8d48a66d2dedaaac62&units=imperial&q=peleduy,RU"
518,nuuk,GL,64.17,30.2,74,20,14.99,"http://api.openweathermap.org/data/2.5/weather?appid=63340cc13e489b8d48a66d2dedaaac62&units=imperial&q=nuuk,GL"
519,kargasok,RU,59.06,26.21,75,48,7.29,"http://api.openweathermap.org/data/2.5/weather?appid=63340cc13e489b8d48a66d2dedaaac62&units=imperial&q=kargasok,RU"
520,teya,RU,60.37,20.72,83,44,5.61,"http://api.openweathermap.org/data/2.5/weather?appid=63340cc13e489b8d48a66d2dedaaac62&units=imperial&q=teya,RU"
521,solnechnyy,RU,50.72,15.05,80,76,4.72,"http://api.openweathermap.org/data/2.5/weather?appid=63340cc13e489b8d48a66d2dedaaac62&units=imperial&q=solnechnyy,RU"
522,iqaluit,CA,63.75,15.8,66,75,2.24,"http://api.openweathermap.org/data/2.5/weather?appid=63340cc13e489b8d48a66d2dedaaac62&units=imperial&q=iqaluit,CA"
523,qaqortoq,GL,60.72,44.6,39,75,5.82,"http://api.openweathermap.org/data/2.5/weather?appid=63340cc13e489b8d48a66d2dedaaac62&units=imperial&q=qaqortoq,GL"
524,omsukchan,RU,62.53,-14.48,79,76,4.27,"http://api.openweathermap.org/data/2.5/weather?appid=63340cc13e489b8d48a66d2dedaaac62&units=imperial&q=omsukchan,RU"
526,palmer,US,61.6,32.0,92,90,3.36,"http://api.openweathermap.org/data/2.5/weather?appid=63340cc13e489b8d48a66d2dedaaac62&units=imperial&q=palmer,US"
527,wasilla,US,61.58,32.0,92,90,3.36,"http://api.openweathermap.org/data/2.5/weather?appid=63340cc13e489b8d48a66d2dedaaac62&units=imperial&q=wasilla,US"
528,yerbogachen,RU,61.28,-6.65,58,8,2.82,"http://api.openweathermap.org/data/2.5/weather?appid=63340cc13e489b8d48a66d2dedaaac62&units=imperial&q=yerbogachen,RU"
529,yellowknife,CA,62.45,17.6,61,75,10.29,"http://api.openweathermap.org/data/2.5/weather?appid=63340cc13e489b8d48a66d2dedaaac62&units=imperial&q=yellowknife,CA"
530,vuktyl,RU,63.86,4.79,67,48,8.86,"http://api.openweathermap.org/data/2.5/weather?appid=63340cc13e489b8d48a66d2dedaaac62&units=imperial&q=vuktyl,RU"
531,khandyga,RU,62.65,-25.1,37,20,2.93,"http://api.openweathermap.org/data/2.5/weather?appid=63340cc13e489b8d48a66d2dedaaac62&units=imperial&q=khandyga,RU"
532,anadyr,RU,64.73,5.0,65,44,22.37,"http://api.openweathermap.org/data/2.5/weather?appid=63340cc13e489b8d48a66d2dedaaac62&units=imperial&q=anadyr,RU"
533,sangar,RU,63.92,-19.79,56,8,6.29,"http://api.openweathermap.org/data/2.5/weather?appid=63340cc13e489b8d48a66d2dedaaac62&units=imperial&q=sangar,RU"
534,tura,RU,64.27,-9.08,65,56,2.26,"http://api.openweathermap.org/data/2.5/weather?appid=63340cc13e489b8d48a66d2dedaaac62&units=imperial&q=tura,RU"
536,turukhansk,RU,65.8,-5.12,68,88,14.45,"http://api.openweathermap.org/data/2.5/weather?appid=63340cc13e489b8d48a66d2dedaaac62&units=imperial&q=turukhansk,RU"
537,storforshei,NO,66.4,28.73,93,88,7.63,"http://api.openweathermap.org/data/2.5/weather?appid=63340cc13e489b8d48a66d2dedaaac62&units=imperial&q=storforshei,NO"
538,kuusamo,FI,65.96,17.6,78,0,3.36,"http://api.openweathermap.org/data/2.5/weather?appid=63340cc13e489b8d48a66d2dedaaac62&units=imperial&q=kuusamo,FI"
539,fairbanks,US,64.84,28.4,86,90,3.94,"http://api.openweathermap.org/data/2.5/weather?appid=63340cc13e489b8d48a66d2dedaaac62&units=imperial&q=fairbanks,US"
540,ust-nera,RU,64.57,-29.96,43,12,2.04,"http://api.openweathermap.org/data/2.5/weather?appid=63340cc13e489b8d48a66d2dedaaac62&units=imperial&q=ust-nera,RU"
541,barrow,US,39.51,42.8,93,90,4.7,"http://api.openweathermap.org/data/2.5/weather?appid=63340cc13e489b8d48a66d2dedaaac62&units=imperial&q=barrow,US"
542,izhma,RU,65.01,-2.69,72,64,4.16,"http://api.openweathermap.org/data/2.5/weather?appid=63340cc13e489b8d48a66d2dedaaac62&units=imperial&q=izhma,RU"
544,staryy nadym,RU,65.61,19.73,83,80,11.43,"http://api.openweathermap.org/data/2.5/weather?appid=63340cc13e489b8d48a66d2dedaaac62&units=imperial&q=staryy%20nadym,RU"
545,aksarka,RU,66.56,-5.66,84,76,16.13,"http://api.openweathermap.org/data/2.5/weather?appid=63340cc13e489b8d48a66d2dedaaac62&units=imperial&q=aksarka,RU"
546,ust-tsilma,RU,65.44,-3.95,77,68,3.94,"http://api.openweathermap.org/data/2.5/weather?appid=63340cc13e489b8d48a66d2dedaaac62&units=imperial&q=ust-tsilma,RU"
547,lavrentiya,RU,65.58,-5.75,100,8,39.84,"http://api.openweathermap.org/data/2.5/weather?appid=63340cc13e489b8d48a66d2dedaaac62&units=imperial&q=lavrentiya,RU"
548,egvekinot,RU,66.32,-26.09,76,8,3.38,"http://api.openweathermap.org/data/2.5/weather?appid=63340cc13e489b8d48a66d2dedaaac62&units=imperial&q=egvekinot,RU"
549,inuvik,CA,68.36,6.8,65,75,10.29,"http://api.openweathermap.org/data/2.5/weather?appid=63340cc13e489b8d48a66d2dedaaac62&units=imperial&q=inuvik,CA"
550,bilibino,RU,68.06,-28.34,43,20,2.37,"http://api.openweathermap.org/data/2.5/weather?appid=63340cc13e489b8d48a66d2dedaaac62&units=imperial&q=bilibino,RU"
551,pangnirtung,CA,66.15,10.4,60,90,16.11,"http://api.openweathermap.org/data/2.5/weather?appid=63340cc13e489b8d48a66d2dedaaac62&units=imperial&q=pangnirtung,CA"
552,zhigansk,RU,66.77,-17.0,50,20,10.42,"http://api.openweathermap.org/data/2.5/weather?appid=63340cc13e489b8d48a66d2dedaaac62&units=imperial&q=zhigansk,RU"
553,nome,US,30.04,82.4,69,75,12.75,"http://api.openweathermap.org/data/2.5/weather?appid=63340cc13e489b8d48a66d2dedaaac62&units=imperial&q=nome,US"
554,kamenka,RU,53.19,19.82,90,92,14.79,"http://api.openweathermap.org/data/2.5/weather?appid=63340cc13e489b8d48a66d2dedaaac62&units=imperial&q=kamenka,RU"
555,karasjok,NO,69.47,35.6,64,92,25.28,"http://api.openweathermap.org/data/2.5/weather?appid=63340cc13e489b8d48a66d2dedaaac62&units=imperial&q=karasjok,NO"
556,komsomolskiy,RU,67.55,-6.65,72,68,3.38,"http://api.openweathermap.org/data/2.5/weather?appid=63340cc13e489b8d48a66d2dedaaac62&units=imperial&q=komsomolskiy,RU"
557,norman wells,CA,65.28,28.4,86,90,6.93,"http://api.openweathermap.org/data/2.5/weather?appid=63340cc13e489b8d48a66d2dedaaac62&units=imperial&q=norman%20wells,CA"
558,srednekolymsk,RU,67.46,-29.51,48,8,3.94,"http://api.openweathermap.org/data/2.5/weather?appid=63340cc13e489b8d48a66d2dedaaac62&units=imperial&q=srednekolymsk,RU"
559,roald,NO,62.58,28.4,50,0,6.93,"http://api.openweathermap.org/data/2.5/weather?appid=63340cc13e489b8d48a66d2dedaaac62&units=imperial&q=roald,NO"
560,aklavik,CA,68.22,6.8,65,75,12.75,"http://api.openweathermap.org/data/2.5/weather?appid=63340cc13e489b8d48a66d2dedaaac62&units=imperial&q=aklavik,CA"
561,tasiilaq,GL,65.61,30.2,58,75,21.92,"http://api.openweathermap.org/data/2.5/weather?appid=63340cc13e489b8d48a66d2dedaaac62&units=imperial&q=tasiilaq,GL"
562,lakselv,NO,70.05,35.6,64,80,25.28,"http://api.openweathermap.org/data/2.5/weather?appid=63340cc13e489b8d48a66d2dedaaac62&units=imperial&q=lakselv,NO"
564,oksfjord,NO,70.24,35.6,69,92,11.41,"http://api.openweathermap.org/data/2.5/weather?appid=63340cc13e489b8d48a66d2dedaaac62&units=imperial&q=oksfjord,NO"
565,yar-sale,RU,66.83,4.52,87,80,14.0,"http://api.openweathermap.org/data/2.5/weather?appid=63340cc13e489b8d48a66d2dedaaac62&units=imperial&q=yar-sale,RU"
566,ostrovnoy,RU,68.05,-1.16,67,20,8.75,"http://api.openweathermap.org/data/2.5/weather?appid=63340cc13e489b8d48a66d2dedaaac62&units=imperial&q=ostrovnoy,RU"
567,saskylakh,RU,71.97,-25.46,39,32,8.75,"http://api.openweathermap.org/data/2.5/weather?appid=63340cc13e489b8d48a66d2dedaaac62&units=imperial&q=saskylakh,RU"
568,upernavik,GL,72.79,2.72,100,68,20.49,"http://api.openweathermap.org/data/2.5/weather?appid=63340cc13e489b8d48a66d2dedaaac62&units=imperial&q=upernavik,GL"
571,clyde river,CA,70.47,-14.81,75,90,16.11,"http://api.openweathermap.org/data/2.5/weather?appid=63340cc13e489b8d48a66d2dedaaac62&units=imperial&q=clyde%20river,CA"
573,talnakh,RU,69.49,-22.49,65,32,3.04,"http://api.openweathermap.org/data/2.5/weather?appid=63340cc13e489b8d48a66d2dedaaac62&units=imperial&q=talnakh,RU"
574,tiksi,RU,71.64,-35.63,67,20,3.04,"http://api.openweathermap.org/data/2.5/weather?appid=63340cc13e489b8d48a66d2dedaaac62&units=imperial&q=tiksi,RU"
575,leningradskiy,RU,69.38,-25.01,77,12,5.39,"http://api.openweathermap.org/data/2.5/weather?appid=63340cc13e489b8d48a66d2dedaaac62&units=imperial&q=leningradskiy,RU"
576,dudinka,RU,69.41,-22.67,33,36,6.29,"http://api.openweathermap.org/data/2.5/weather?appid=63340cc13e489b8d48a66d2dedaaac62&units=imperial&q=dudinka,RU"
577,khatanga,RU,71.98,-38.96,0,12,2.71,"http://api.openweathermap.org/data/2.5/weather?appid=63340cc13e489b8d48a66d2dedaaac62&units=imperial&q=khatanga,RU"
578,sorland,NO,67.67,39.2,96,75,23.04,"http://api.openweathermap.org/data/2.5/weather?appid=63340cc13e489b8d48a66d2dedaaac62&units=imperial&q=sorland,NO"
579,qaanaaq,GL,77.48,-17.09,98,0,7.63,"http://api.openweathermap.org/data/2.5/weather?appid=63340cc13e489b8d48a66d2dedaaac62&units=imperial&q=qaanaaq,GL"
580,bud,NO,62.91,28.4,58,0,8.05,"http://api.openweathermap.org/data/2.5/weather?appid=63340cc13e489b8d48a66d2dedaaac62&units=imperial&q=bud,NO"
581,klaksvik,FO,62.23,37.4,64,68,17.22,"http://api.openweathermap.org/data/2.5/weather?appid=63340cc13e489b8d48a66d2dedaaac62&units=imperial&q=klaksvik,FO"
582,cherskiy,RU,68.75,-30.23,50,12,2.71,"http://api.openweathermap.org/data/2.5/weather?appid=63340cc13e489b8d48a66d2dedaaac62&units=imperial&q=cherskiy,RU"
584,tuktoyaktuk,CA,69.44,-0.41,77,20,11.41,"http://api.openweathermap.org/data/2.5/weather?appid=63340cc13e489b8d48a66d2dedaaac62&units=imperial&q=tuktoyaktuk,CA"
585,vardo,NO,70.37,30.62,100,92,26.08,"http://api.openweathermap.org/data/2.5/weather?appid=63340cc13e489b8d48a66d2dedaaac62&units=imperial&q=vardo,NO"
588,husavik,IS,66.04,32.0,100,90,1.7,"http://api.openweathermap.org/data/2.5/weather?appid=63340cc13e489b8d48a66d2dedaaac62&units=imperial&q=husavik,IS"
589,dikson,RU,73.51,-12.59,100,0,16.35,"http://api.openweathermap.org/data/2.5/weather?appid=63340cc13e489b8d48a66d2dedaaac62&units=imperial&q=dikson,RU"
590,chokurdakh,RU,70.62,-37.25,75,0,6.73,"http://api.openweathermap.org/data/2.5/weather?appid=63340cc13e489b8d48a66d2dedaaac62&units=imperial&q=chokurdakh,RU"
591,honningsvag,NO,70.98,32.96,95,88,15.79,"http://api.openweathermap.org/data/2.5/weather?appid=63340cc13e489b8d48a66d2dedaaac62&units=imperial&q=honningsvag,NO"
592,longyearbyen,SJ,78.22,28.4,68,40,28.86,"http://api.openweathermap.org/data/2.5/weather?appid=63340cc13e489b8d48a66d2dedaaac62&units=imperial&q=longyearbyen,SJ"
594,pevek,RU,69.7,-33.38,100,0,0.92,"http://api.openweathermap.org/data/2.5/weather?appid=63340cc13e489b8d48a66d2dedaaac62&units=imperial&q=pevek,RU"
596,ilulissat,GL,69.22,8.6,65,75,4.7,"http://api.openweathermap.org/data/2.5/weather?appid=63340cc13e489b8d48a66d2dedaaac62&units=imperial&q=ilulissat,GL"
597,narsaq,GL,60.91,44.6,39,75,5.82,"http://api.openweathermap.org/data/2.5/weather?appid=63340cc13e489b8d48a66d2dedaaac62&units=imperial&q=narsaq,GL"
